index,predicted_score
15776,0
5344,0
11297,1
7695,0
16729,0
5300,1
9473,1
3611,1
12990,0
15594,0
7428,0
16274,0
3055,0
15111,1
2262,0
8771,1
4427,0
15892,0
1391,1
14126,0
1379,0
16644,0
11254,0
11193,0
15633,1
3985,0
4038,0
987,1
3015,0
10358,0
7612,0
16446,0
1286,1
9495,1
12849,1
6518,0
4856,0
6552,1
15301,1
10523,1
15069,1
12273,0
1175,1
16285,0
6121,0
1575,1
6417,0
15178,1
12593,1
596,1
6578,0
13867,0
2554,1
11491,0
7305,1
10464,1
8339,1
5891,1
7432,0
7585,0
10742,0
8987,0
16642,0
1668,0
2427,0
12580,1
14313,0
10401,0
8192,1
13722,0
3158,1
14771,0
9078,1
7726,0
12061,1
1884,0
15649,0
10526,0
9575,0
16535,1
7620,0
982,0
6739,1
16304,1
15604,0
8473,1
12582,0
16713,0
12726,0
13459,1
290,0
12669,1
4072,0
13396,0
6824,1
13743,1
3797,1
7201,1
16881,0
3173,1
11368,1
3801,0
7211,0
153,0
6912,1
11502,1
14787,0
16194,1
112,1
3933,0
6241,0
15399,0
11196,0
2051,0
7184,0
1419,0
7240,0
16534,0
10049,0
9929,1
14847,0
9829,1
12352,0
2294,0
8398,0
8148,1
6762,0
13277,1
13120,0
15229,0
8453,0
12221,0
311,0
916,0
5002,0
6286,0
6686,0
2893,1
9270,1
11149,0
10446,0
13383,1
6871,0
11762,0
12586,1
10165,0
15191,0
12786,0
3726,1
8807,0
2851,0
101,1
9883,0
10208,1
16293,0
2671,0
5350,0
2707,1
4188,0
4799,1
11740,1
11927,1
4486,1
5994,1
4749,0
3525,0
14752,0
305,0
9807,0
12628,0
6894,0
4298,1
7582,0
4951,0
9626,0
14281,1
9257,1
6105,1
15106,0
6172,1
13267,0
2318,0
15800,1
5391,1
14167,1
7504,0
4248,0
6482,0
7139,1
3004,1
7339,0
4614,0
2130,1
8946,1
7247,0
2906,1
15624,0
2618,1
6538,0
9503,1
3443,0
6452,0
2779,0
14493,0
14368,0
15318,0
4435,0
16195,0
15935,0
11448,0
8042,1
16647,0
15672,0
9191,0
12818,1
5958,1
8682,0
9891,1
12331,1
8691,1
15209,1
12770,1
13605,0
653,0
2178,1
6694,0
4372,0
14470,0
12571,1
3371,0
191,0
10302,0
3299,0
10955,0
14824,1
87,0
10107,0
6879,1
14723,0
15627,0
15132,0
6466,0
809,1
7847,0
5587,0
9406,0
244,0
16176,1
14798,0
15615,1
15335,0
9311,0
15469,1
3786,0
7606,0
9596,0
2710,1
9742,0
16946,1
2060,1
10338,0
8803,0
13328,1
6255,0
1485,0
9295,1
7753,1
16982,1
6838,0
2985,0
9665,0
12384,0
13111,0
7803,0
15663,1
11873,1
2312,1
13806,0
4399,1
4286,0
11418,0
1493,0
11847,0
5186,1
568,0
15323,1
10343,0
16891,0
5199,1
852,0
8517,1
14898,0
5483,1
4918,1
12930,0
14120,1
3957,1
11104,1
10203,0
9150,1
4197,0
10699,0
14151,0
14210,0
3476,1
1300,1
6899,1
4069,0
5178,1
8451,0
426,0
2580,0
485,1
6032,0
10886,0
2839,0
16902,1
14813,0
8026,1
15598,0
15408,1
12190,0
16612,0
10991,0
1650,1
16313,1
11908,0
10707,1
14684,0
1604,0
8906,0
7178,0
1048,1
13563,0
16249,1
3242,1
15266,0
162,0
11184,0
12655,0
6311,1
12619,1
835,1
3704,0
6490,0
11086,0
3178,0
877,0
12547,1
16337,0
10056,0
11920,1
2551,0
713,0
5744,0
15485,1
10582,0
15674,0
13953,1
1988,1
2606,0
1581,0
381,0
776,0
6069,0
8591,0
10010,0
8425,0
7346,1
4668,0
604,0
10412,0
13062,0
14910,0
10953,0
12821,0
7181,0
4376,1
12495,1
7480,1
3900,0
10242,0
5520,0
16777,0
1869,1
1307,1
3118,0
13887,0
14238,0
16544,1
9426,0
12991,0
13988,1
13340,1
10469,0
14781,0
1072,0
13641,0
14366,1
16117,0
9534,0
3930,1
8969,0
4556,0
14915,1
11784,1
11031,0
4104,0
13148,0
11412,0
4998,0
16241,0
15987,0
16659,0
16591,1
2341,0
4409,0
7967,1
3612,0
1169,0
10706,0
3086,1
5057,0
15169,1
15837,0
11625,1
7862,0
14051,0
14741,0
4974,1
16019,1
12654,1
14362,0
15512,1
10734,1
6861,0
16408,0
10783,0
7835,1
53,0
6052,0
4145,0
4800,0
12165,0
7159,0
703,0
4211,0
1089,1
11557,0
13362,1
538,0
201,0
16220,0
8754,1
5019,1
11903,1
16712,0
3335,0
4244,0
10139,0
14806,1
9234,1
9654,1
14797,0
11287,1
16955,0
5492,0
5823,0
16327,1
5829,1
8649,1
11584,0
15027,0
4655,0
9116,0
11603,0
6855,0
11850,0
16335,0
437,1
1905,0
1305,0
9221,0
5960,0
15641,0
15337,1
4130,1
2854,1
13824,0
16973,1
2722,0
3054,0
6900,1
12693,0
12773,1
16428,0
11808,0
15899,0
9496,0
15815,0
13947,1
9688,0
1313,0
5122,0
5792,0
14328,0
14970,0
1488,0
10331,0
10156,0
13665,0
7118,1
11932,0
8744,1
1325,0
16757,0
8419,0
490,1
5962,1
15917,0
7345,0
415,1
12686,0
669,0
3916,0
8360,0
9012,0
6338,0
16228,0
7926,1
5973,1
5540,1
8868,1
1466,1
3708,0
5253,1
5710,1
13063,0
4537,1
2030,0
11526,1
12191,1
10364,1
16347,0
12093,1
3001,0
10118,0
6853,1
5096,0
10028,1
10124,0
7911,0
12917,1
3705,1
6763,0
11712,1
7740,0
5621,0
7918,0
4770,1
11874,0
13552,0
13384,1
13618,0
2451,0
4919,1
5797,0
5982,0
10542,0
8570,1
4329,0
742,0
7276,1
11494,1
14811,1
6997,0
16229,1
2628,1
128,0
7540,0
14996,0
15910,0
13782,0
14183,1
13006,0
2660,0
3469,0
14174,0
1273,0
1504,1
2343,0
13052,0
2907,0
15772,0
11306,1
16261,1
1654,0
14240,0
7906,0
1162,0
10974,0
1857,0
12280,1
1969,0
4617,1
10766,1
14198,0
15787,0
12003,0
14186,0
4513,0
672,0
8914,0
7542,1
6769,0
16483,0
12342,1
12759,0
9455,0
14283,0
4969,1
1631,1
9618,1
12954,1
15261,0
14968,0
1896,0
4720,1
15262,0
12156,1
3835,0
12228,1
15732,0
1702,0
11123,1
16699,0
3518,1
13042,1
3236,1
12676,0
6155,1
83,0
13933,0
5959,0
14951,1
6078,0
7777,0
5356,1
1075,0
10810,0
2668,0
5383,0
10172,0
13577,0
2820,1
10305,0
15530,0
3905,1
13023,0
5620,1
13779,1
16218,0
5535,1
13271,0
724,1
12832,0
1971,0
8177,0
3445,0
11863,1
7185,0
12812,1
7435,0
615,0
13330,1
7885,1
14605,0
8992,0
8768,1
1793,1
980,0
13323,1
319,0
11218,0
15386,0
7179,1
13585,1
2382,0
16175,0
8391,0
11065,0
16761,1
4138,0
12060,0
3588,0
2310,0
3121,1
9651,0
11353,1
14214,0
11983,0
6335,0
7510,1
14464,1
1723,1
6924,0
16137,1
2333,1
557,0
11663,0
12358,1
12123,1
11385,0
10795,1
7368,1
6144,0
15914,1
16747,1
12245,0
590,1
3505,1
2442,0
6795,0
5903,1
521,0
3712,1
4671,0
10993,0
6495,0
9029,1
231,0
12461,0
646,0
5739,0
430,0
6305,0
11487,0
750,0
16459,0
7621,0
14788,0
14501,0
9897,1
11888,0
7763,0
11211,1
14950,1
5479,0
11106,0
15388,1
9990,0
13360,0
8687,1
14548,1
14488,1
14326,0
7505,0
16735,1
5332,0
8971,0
14324,1
7329,1
10235,1
7074,1
5270,1
16256,0
2154,0
8286,0
12737,0
16700,1
733,0
7581,1
9734,0
1769,0
11732,0
6090,1
12642,0
6017,0
14466,1
707,0
15794,1
2471,1
2584,0
12601,0
15850,1
6964,0
10004,0
8461,0
11730,0
4178,0
11405,0
10841,0
2496,1
11261,1
12301,1
13771,0
14517,1
1844,1
5040,0
11681,1
11538,1
3899,1
6835,1
11452,0
12091,1
525,1
2381,1
3912,1
2236,0
16914,1
9158,0
13011,0
7361,0
13443,1
8385,0
7148,0
2019,0
12520,0
16511,1
13268,0
12338,1
9170,0
3574,0
16970,1
4881,0
5006,1
9686,0
14369,0
1073,0
7846,1
9437,0
1796,1
4648,1
8350,1
10525,1
12027,1
11016,0
4390,0
15409,1
2789,0
3478,0
7101,1
9962,1
2860,1
10372,1
15770,0
7766,0
797,0
16455,0
10185,0
10020,0
9764,0
15712,0
7671,1
9601,0
5107,0
9065,0
7841,0
11094,0
14164,0
15459,0
15270,1
15840,1
8729,0
3875,0
3597,0
5824,0
8912,1
10162,0
7590,0
3577,1
16149,0
13588,0
5365,0
13025,0
10327,0
467,0
15822,0
5553,1
7422,0
13921,0
13336,1
1010,0
3808,0
16179,0
15818,0
13116,0
15339,0
3860,0
924,0
11834,0
12902,0
15766,0
999,0
11462,0
12429,1
13766,1
15602,0
2505,0
1405,1
11187,0
12964,0
11026,1
293,1
13363,0
4018,1
15693,1
1754,1
5116,0
9182,0
2095,1
3039,0
1739,1
4953,0
6771,1
13943,0
4415,0
2242,0
13569,1
9098,1
12183,1
14701,0
6289,1
5054,1
1066,0
11585,1
9442,0
12238,0
8945,0
16354,0
2927,1
11812,0
5907,0
16772,0
3598,0
13068,0
7959,0
12985,0
15380,0
13184,0
7113,0
1262,1
15139,0
12222,0
532,0
2173,1
14645,1
13434,0
16303,0
3644,0
12246,0
10113,0
7191,0
12428,0
624,1
5897,1
9128,0
6862,0
5128,0
8595,1
6531,0
10403,1
13593,0
2723,1
9718,1
14525,0
12819,0
10528,1
8756,0
11993,1
6961,1
9920,0
13960,0
5033,0
5196,0
11898,0
16966,0
8676,1
5497,1
9847,1
3114,1
8143,0
8653,0
7086,1
9083,0
7386,0
11126,0
11145,1
12028,0
13642,0
5727,0
13798,1
12717,0
1009,0
5449,1
5439,0
14892,1
4764,0
5926,0
16413,1
9942,1
13781,0
9661,1
934,1
15455,0
12481,0
12085,1
8095,1
16130,0
11797,0
8804,0
5182,1
15931,0
12476,1
4613,0
2295,0
15368,0
16213,0
13126,1
15349,0
10677,1
15501,1
10038,0
5623,0
3917,0
15028,1
1761,1
15259,1
977,0
12936,0
2711,0
8128,0
573,0
9753,1
1596,0
5030,0
12956,0
530,0
3244,1
2409,0
141,0
110,0
10075,0
13154,0
13417,0
331,0
10438,0
3332,0
16201,0
13230,1
1837,0
14448,1
14474,0
4159,0
13349,0
5963,0
8179,0
1202,1
16600,0
8318,0
11720,1
8967,0
5164,1
8550,1
16950,0
6141,0
11503,0
2461,1
10703,0
14538,0
11166,1
9711,0
9066,0
3397,0
6393,0
1618,0
8222,0
15203,1
11764,1
2863,0
2630,0
15468,0
13620,1
9346,0
12898,0
578,1
9369,1
1263,1
15723,1
7782,0
6929,1
5609,1
10772,0
5849,1
8769,0
8597,1
5493,0
15925,0
4989,0
2084,0
1519,0
12295,0
12531,1
11000,0
4594,0
3596,0
799,1
14874,0
9277,0
7867,0
13375,0
14914,0
1365,1
14972,0
5487,0
12743,0
16320,1
10961,0
14867,1
4461,0
8295,0
5217,1
233,0
338,1
13929,0
7033,0
11835,1
2644,1
15782,0
9605,1
16028,0
2421,1
9999,1
9410,0
16754,0
12801,0
611,0
8823,0
3207,0
7383,0
13012,0
6682,1
11917,1
16656,0
148,0
3177,1
13774,0
7039,0
4269,0
13118,0
11679,1
14655,0
9263,0
4073,0
11087,0
6510,0
16957,1
342,0
8761,1
382,0
6147,0
12380,1
4552,1
12927,1
15188,1
14424,0
3500,0
9628,1
7537,0
6541,1
7931,1
12225,1
16905,0
14850,1
10127,1
10019,0
2798,0
6117,0
7677,1
15490,1
14361,0
3691,0
13439,0
9198,1
6004,1
13400,0
11381,0
2078,1
6033,0
1606,0
9679,1
4414,0
14308,0
13545,0
7573,0
4785,1
6358,1
3972,1
2485,1
1400,0
5508,0
13408,1
12055,1
10276,0
204,0
4509,0
10956,1
4424,1
13018,1
7174,0
11216,0
14392,0
10488,1
2303,1
1060,0
3781,1
4837,0
13666,0
4347,1
3284,0
11164,1
14766,0
14339,0
1727,0
13894,1
14348,0
14636,0
4402,0
16370,1
8218,1
4368,1
10873,0
11793,0
14864,0
12510,1
935,0
11068,0
12518,0
16227,0
12276,0
4494,1
1764,0
10802,0
9229,0
16691,0
11154,1
15101,0
10910,0
14492,0
14567,0
12070,0
12422,0
10938,0
7319,0
14777,0
16344,0
13692,0
11192,1
1556,1
12673,0
5861,0
1643,1
16668,0
11481,0
2386,1
2040,1
15125,0
3087,0
1250,0
1978,0
10935,1
7374,0
16350,0
7874,0
10007,1
9236,0
11233,1
11743,0
8784,0
3143,0
7363,0
16027,0
16360,0
2006,1
11787,0
8712,1
957,0
6333,0
9918,0
11147,0
12180,0
4973,0
1902,0
6570,0
16356,1
2329,0
9264,1
3673,0
16050,0
2772,0
9433,0
12730,0
2507,1
13121,1
7231,1
4247,1
3056,0
11975,1
15726,1
15566,0
10214,1
4090,0
6164,0
13720,1
6003,1
14526,0
3954,0
5985,1
12008,0
16238,0
14401,0
97,0
2346,0
3940,0
1625,0
16746,0
350,0
6583,0
541,0
890,0
4455,0
6446,1
15955,0
4779,0
4630,0
15989,1
10173,1
12645,0
12691,0
6819,1
9968,0
9728,0
9919,1
6207,1
2444,0
10087,0
16589,0
312,0
1736,0
6844,1
15260,0
3426,0
3385,0
5081,1
11219,1
402,1
7997,0
6174,0
12644,1
13820,0
10941,0
16627,0
7162,1
15845,1
1070,0
1813,0
15167,1
14431,1
3066,0
11269,0
2193,0
5496,0
10345,0
6431,0
16900,0
2435,0
7578,0
9357,0
11093,0
14882,0
12078,0
11488,0
2997,0
10639,0
16339,1
11159,0
5416,0
11754,0
2498,0
3908,0
10168,0
12901,1
14778,1
10715,0
7920,0
6863,0
9953,0
15379,0
16392,0
9035,1
2146,1
16462,1
13925,0
5088,1
6545,0
5498,1
14259,1
209,0
13322,1
3011,1
16434,0
14053,0
1512,0
13292,1
8791,1
7910,0
16245,1
8954,0
78,1
13040,1
6712,1
13358,0
4425,0
3193,0
16710,0
1828,1
1023,0
4541,0
366,1
6889,0
6244,0
13175,1
1454,0
13705,0
6351,1
7897,1
16014,0
6547,0
12084,0
1583,0
15721,0
4174,0
11928,0
4484,0
13716,0
14157,1
10171,0
6936,0
2180,0
11286,1
11569,1
11862,1
6661,0
6505,0
9109,0
14344,0
10322,1
10931,0
10239,0
14756,0
5901,0
4354,0
2235,1
14749,0
7019,1
1579,1
5615,0
4344,0
6566,0
6316,1
6118,0
4027,0
11800,1
11069,1
11634,1
15849,1
11314,0
10226,1
16980,1
16009,0
8159,1
3791,1
12137,0
1549,1
1253,0
202,0
9781,0
7176,1
2716,0
7082,1
298,1
13808,1
10904,1
89,0
16422,1
16416,0
11761,1
9081,1
2809,0
2672,1
6949,0
3681,0
11204,1
8948,0
8843,0
11602,1
10824,1
9246,0
15885,0
12349,1
12251,0
13279,1
2215,1
11185,1
6846,0
15397,1
7516,1
7888,0
16519,0
3038,0
1246,1
16142,1
4266,0
5515,0
11180,0
6971,1
1952,0
595,0
16442,0
15613,0
451,1
2891,0
443,0
10240,0
9765,0
8783,0
8293,0
7707,0
5469,1
849,0
14285,0
16674,1
8645,0
4058,0
9063,1
16231,1
14299,1
7023,1
5717,0
2238,0
8950,0
1919,1
16590,0
9072,0
1753,0
12440,1
11694,1
7016,0
11186,0
14455,1
7312,0
4995,0
9108,0
15153,0
10426,0
2428,1
423,1
16577,1
13655,0
14413,1
10421,0
10408,1
5500,0
5215,0
13476,0
16103,0
16679,0
16554,0
15985,0
10779,0
7285,1
7477,0
8287,0
2334,0
11980,1
1797,1
2207,0
6280,1
11165,0
15416,0
6621,0
7876,1
2297,1
11768,0
14433,0
16383,0
2919,0
12859,1
13414,1
9740,0
2564,0
2682,0
13178,1
6922,1
12652,0
11904,0
7565,1
15404,1
12998,0
4071,1
5014,1
8661,0
11182,0
11698,0
519,0
11707,0
5692,1
15897,0
4891,0
1183,0
6714,1
4555,0
8774,1
6122,0
13797,0
16267,0
2684,0
14485,0
2218,0
9590,0
8656,1
13142,0
5013,0
12861,0
16583,0
13463,0
10988,0
14740,0
4964,0
16499,0
11724,1
4586,0
15697,1
14918,1
12782,0
6031,0
6619,1
3884,1
8808,1
6252,0
11535,0
15464,1
1743,1
13835,0
8573,0
14110,1
13791,0
6123,0
6770,0
11562,0
12635,1
4026,1
5557,0
14849,0
15237,1
8686,0
9031,1
9675,0
8741,0
11292,0
16076,1
10431,0
11910,1
15149,1
3532,1
1425,1
8132,1
9237,0
13902,0
15303,0
77,0
12023,0
15625,0
6734,0
14681,0
6878,0
1733,1
11785,0
16006,1
16346,0
3045,0
6175,0
5331,0
7469,0
2289,0
3322,1
10073,0
7775,0
11060,0
6308,0
9402,0
4476,0
10257,0
11687,1
5401,0
10960,1
2232,0
10202,0
6735,0
13123,0
4531,0
5951,0
13750,0
6256,1
9879,0
4241,1
3435,0
2041,1
6478,0
1338,1
16273,0
6232,1
16262,0
622,1
8519,0
2361,1
16207,0
5711,0
13291,0
4985,0
5035,0
6746,0
8964,0
2394,1
14085,1
6221,1
10413,1
8855,0
10834,1
5580,1
3693,1
4917,0
13000,0
14901,0
1103,0
15646,0
9339,1
6944,1
14372,0
2376,0
7784,0
7834,1
8043,1
13187,1
15535,0
12855,1
3745,0
5705,1
6504,0
4708,1
3360,1
687,0
3064,1
9850,0
6988,0
16384,0
8767,1
12454,0
954,0
13864,1
5816,1
6597,1
15100,0
11642,1
8534,0
14059,0
7680,0
4814,0
20,1
11982,0
14399,0
13533,0
5730,1
16979,1
12011,1
12752,0
7202,1
8328,0
409,1
9875,0
7092,1
16075,1
2960,0
3427,1
11879,1
10416,0
14252,0
14187,0
10506,1
6821,0
8710,0
6071,0
15628,1
15312,1
6224,0
542,0
6162,0
1892,0
10268,0
4882,0
8106,1
2230,0
512,1
4190,0
9860,1
8932,1
1832,0
9660,0
6702,0
1522,0
3252,0
11792,0
8778,1
4300,0
2050,1
4984,1
12827,0
13010,0
10627,1
15113,0
4950,0
4195,0
4431,0
8303,0
8557,0
9055,1
8448,1
918,0
11889,0
7613,1
16792,0
3278,0
635,0
16373,1
8232,0
5779,0
2024,0
14453,0
14823,0
1137,1
3223,1
6600,0
16687,0
7939,0
16369,1
12382,1
11659,0
7762,0
3593,0
13310,0
15882,0
5888,1
3106,0
5991,0
1900,1
9550,0
6101,1
9816,0
3007,1
7915,1
8439,0
4776,0
9704,1
16638,0
341,1
5882,0
656,1
12775,0
8918,0
6507,0
756,1
723,0
8423,0
16630,0
6801,1
15966,0
14652,0
11739,0
7160,0
5629,0
11951,0
571,0
353,1
1473,1
3270,1
473,0
3646,0
1964,1
13702,1
8031,1
629,1
2810,1
12288,1
11829,1
4189,1
1768,1
16258,1
16586,0
10228,0
10275,1
3396,1
4326,0
6976,0
13437,1
16109,1
8674,0
12364,0
6789,1
4358,0
8070,0
104,0
15123,1
1356,1
11530,0
3772,1
4283,0
14104,1
14154,0
12145,1
8410,0
9778,1
3480,0
6797,0
3009,1
1118,1
14710,1
6013,0
8894,0
12312,1
7151,0
16396,0
9385,0
1752,0
4467,0
8188,0
8961,0
2378,0
13726,1
2530,1
13602,0
11547,0
2822,0
13518,0
7720,0
6999,0
9265,0
13516,0
14436,0
15755,0
10035,0
7232,0
1142,0
12482,0
329,1
1942,0
14024,0
11949,0
12215,0
10942,0
14231,0
14952,0
7269,0
1590,0
8514,0
7656,0
4377,0
2277,0
2875,1
15284,0
14134,0
374,0
7945,0
8151,1
15017,0
16579,1
11568,0
5109,0
14246,1
8624,0
7917,0
16508,1
15784,1
14184,0
8015,1
2354,1
4115,0
3390,0
1845,1
7207,0
10315,0
7664,0
9545,1
11210,0
13961,0
4281,1
5321,1
7773,0
9952,0
168,0
11865,0
7245,0
1455,0
14255,1
2223,1
6139,0
13102,1
16683,0
8603,1
9332,1
10568,0
12524,1
6509,0
10825,1
3817,0
2706,1
12846,0
2336,1
1502,0
15436,0
1001,1
16944,1
1069,0
5767,0
16457,0
3020,0
12527,0
8028,0
15505,0
13584,0
1608,0
11825,0
6360,0
13621,1
11088,1
11024,1
6915,0
5315,0
5542,0
14865,1
4567,0
12741,1
7197,1
693,0
4204,1
8399,0
9789,0
3047,1
4199,0
13945,0
3263,1
10394,1
13839,1
10708,1
15094,1
9887,1
9655,0
12296,0
8983,0
3199,0
11802,0
15086,0
13217,0
2222,0
5424,1
13441,1
12253,0
14574,0
2813,0
6655,0
15217,1
7646,0
8382,0
966,0
12516,0
14647,1
16465,1
5008,1
956,0
826,0
4154,0
5708,1
12626,1
13979,0
9093,1
2696,1
5935,0
10181,0
16284,0
2817,0
5731,1
4088,0
8161,0
12912,1
6586,1
6916,0
1553,1
16968,0
12568,0
3807,0
6401,0
2915,0
11559,0
11957,0
15477,0
3934,0
8153,1
10833,1
74,0
4374,0
4319,0
8802,1
10481,1
11884,0
7437,0
7690,0
7944,1
1959,1
13064,0
3672,0
4653,0
10633,0
3551,1
1912,0
14125,0
13337,1
7731,1
9576,0
12016,0
16520,0
13603,0
4789,0
13474,1
16323,0
4245,1
15569,1
14886,0
16447,0
15522,1
13511,0
3784,0
6075,0
4391,1
1634,0
3743,1
3716,0
14293,0
7208,0
2681,0
2123,0
13438,1
14953,0
4686,1
12942,0
11504,0
2216,0
15653,1
14518,0
10780,0
422,0
7049,0
2749,0
2761,1
7552,0
12427,1
13805,0
783,0
10157,1
6767,0
11500,1
7040,1
15065,0
14725,0
12259,1
10561,0
15998,0
4635,1
4302,0
859,0
16235,0
6247,0
2806,0
7116,0
7408,1
8637,0
11511,0
5774,1
7531,0
11264,0
2834,0
15831,0
9280,1
3094,0
10630,0
1584,0
8429,0
11338,1
7034,0
445,0
189,0
722,0
7392,1
8120,0
10657,0
7629,0
16998,0
10420,0
4986,0
6781,1
5345,1
8569,1
9896,0
1368,0
8790,0
7489,1
263,1
10979,1
4222,1
14197,1
5262,1
6856,1
11745,0
13821,1
7761,0
1156,0
2441,0
6131,0
9801,0
9515,0
5143,0
3059,0
15600,0
7198,0
1019,0
159,0
14729,1
6563,0
5333,0
3802,1
12677,0
2759,0
7196,0
12805,0
2389,0
3186,1
14631,1
9124,0
1826,0
2981,1
81,0
8155,0
13939,0
10479,0
10937,0
3184,0
15458,0
807,0
403,0
3300,1
7443,0
7045,1
594,0
16419,0
11110,0
1376,0
12683,0
6852,0
16181,0
16047,0
11092,1
5264,0
9491,0
14213,0
15158,0
6594,0
8628,0
4103,0
9132,0
7104,0
4520,0
10320,0
6385,0
4705,0
12745,1
1450,0
6592,1
16522,0
864,0
1123,0
2482,0
2301,0
14472,1
2365,0
12127,0
6056,0
11345,1
3370,0
2429,1
16432,1
14499,0
1546,0
10821,0
9989,0
15400,1
10891,1
2099,0
5161,1
10817,0
4301,1
12138,0
12414,1
11237,1
16728,0
6472,0
5108,0
10520,1
13132,0
565,0
6560,1
14081,1
8443,0
12569,1
12337,0
13904,1
14556,1
13125,0
14447,0
4981,0
10319,1
15287,1
2996,0
1354,0
5987,0
441,1
9895,0
8038,1
4439,1
8185,0
2183,1
1751,0
4597,1
16962,0
5724,0
15635,0
385,0
5027,1
15254,0
639,0
8447,1
1927,1
12262,0
1046,1
11952,1
14202,1
8329,0
3687,0
648,1
9149,0
13482,0
14622,0
955,0
14859,1
7271,0
14627,1
1159,0
580,1
6883,1
2535,1
13109,1
1944,1
13966,0
5372,0
6461,1
13299,1
10943,0
14273,0
3111,0
7289,0
15024,1
4970,0
11922,0
16545,0
16607,1
3107,1
3257,0
3351,0
3378,0
13601,1
11676,1
8433,0
6299,0
11239,1
6732,0
4554,0
3735,0
3723,0
1991,1
7420,1
3314,0
6617,1
16664,0
1639,0
37,1
9777,0
15504,0
15315,1
16436,1
6413,0
928,0
2383,0
4030,0
15031,1
14146,0
8336,0
1378,0
1144,0
15200,0
10789,1
6632,0
4394,0
9458,1
10505,1
15417,0
15154,1
12142,1
5680,0
10778,0
16183,1
5943,0
10743,0
14623,0
2836,0
264,0
6885,0
12102,0
4626,0
10655,1
6339,0
2351,0
12292,0
2088,0
12024,0
4400,0
3363,1
16497,0
11415,1
9082,0
5431,1
9649,0
6750,0
6575,1
4901,0
3329,0
8107,0
11161,0
8119,0
12688,0
16782,0
15333,1
883,1
5171,0
7333,1
7180,1
13909,1
12431,0
10391,0
304,0
3950,0
12662,1
14489,0
16010,0
4999,0
9947,0
10083,0
900,0
3680,1
5679,0
11070,0
4053,1
13622,0
5866,0
7534,0
8831,1
11099,0
6111,1
1359,0
3321,0
13519,1
1517,0
16500,1
15329,1
6407,0
5442,1
8996,0
2950,0
13587,0
7942,0
8378,0
4201,0
3715,0
536,1
11896,1
11523,0
12559,1
461,1
16372,0
2483,0
4825,1
2035,0
4457,1
16385,0
3517,1
6574,0
15244,1
12762,1
5146,1
4289,0
5772,1
14041,1
10857,0
3130,0
1440,0
6657,1
3402,1
10429,1
9303,0
16092,0
11612,1
4361,1
13418,1
5470,0
11089,1
567,0
12714,0
14838,0
2363,0
11804,0
857,0
14856,1
13005,1
5273,1
16102,1
2243,1
11600,0
12825,0
4362,0
15599,0
12241,0
16719,0
16801,0
4350,0
4634,1
13407,1
14703,0
2579,1
16726,1
8715,0
7366,0
7299,0
36,1
72,0
5464,0
6877,0
4011,0
11396,1
14475,1
5704,0
10008,0
13454,1
10062,0
9353,0
5467,1
5458,1
12588,0
13133,0
13861,1
16255,0
1617,0
13672,0
4694,1
14665,1
16780,0
12471,0
1024,0
16893,0
3139,0
5780,0
2210,1
11695,0
4437,0
9430,0
1622,0
8368,0
15230,1
5233,1
1228,0
12335,1
13830,1
1659,1
1085,1
1926,1
14987,0
1804,1
6497,0
493,0
7195,1
2187,0
11435,0
6726,0
12045,1
4596,1
10110,0
18,1
45,1
3863,0
9224,0
4074,0
4004,0
12633,0
10696,0
1298,0
11040,0
5061,0
3327,0
11071,0
6596,0
1294,1
7754,0
12244,0
12374,0
10911,0
7616,0
6307,1
4254,1
8024,0
9217,0
2909,0
13264,1
8780,1
1841,0
6306,0
4421,0
11717,0
5933,0
7398,1
5003,0
343,1
14923,0
8913,0
9747,0
429,0
5646,0
7060,1
8022,1
13097,0
9320,0
8217,0
2993,0
13754,1
9978,1
3968,0
3159,0
15144,0
13319,1
1122,0
592,0
15647,0
270,0
5653,1
4954,0
15974,1
4033,1
1101,0
11586,0
12606,1
14613,1
10735,0
8457,0
497,1
1389,1
5642,0
11075,1
15938,0
5698,0
7631,0
12434,1
1534,0
16106,0
7968,0
3564,1
14568,0
3161,0
6939,0
15482,1
780,1
13879,0
9366,1
6212,0
11441,0
11474,0
11298,0
1443,1
9973,1
3838,0
13296,1
11225,0
4007,0
5589,0
11001,1
11037,0
8782,0
15219,1
6343,1
210,1
7065,0
16840,1
5847,0
13598,0
10670,0
8478,0
495,1
1684,0
6967,0
6398,0
9297,0
11788,0
12001,1
3102,1
5509,0
15554,0
8963,0
12699,1
2796,1
12484,1
12680,1
9287,0
1990,1
13654,0
15733,0
7856,1
7640,0
3384,0
11860,1
1810,0
14212,1
5287,0
8033,0
7556,0
4392,0
14226,1
11674,0
13073,0
9902,0
6765,0
10989,1
3575,0
7042,1
1559,0
933,0
13541,0
3070,1
11696,0
15539,0
1883,0
1839,0
5375,0
9218,0
7986,1
10537,0
11710,0
7657,0
16813,1
1966,0
12195,0
8626,0
12899,0
14032,0
5578,1
4253,0
10317,0
12153,0
15788,1
5256,0
11446,0
13426,1
419,0
7460,0
7981,0
13532,0
9900,0
1015,1
14077,1
1248,0
2221,0
10151,0
5777,1
9188,0
15438,0
2342,1
7877,0
5504,0
7091,0
952,1
12017,1
6410,1
14426,0
7037,0
16043,1
14926,1
6176,0
14628,1
5105,0
13568,0
16059,0
4311,0
8636,0
5735,0
16705,0
4267,0
14715,0
1957,1
1836,0
4304,0
5999,0
13538,0
4312,0
16824,0
11621,0
8416,0
10575,0
9049,0
9290,1
16159,0
11626,1
10040,1
8029,1
11508,1
12383,0
3429,0
11827,0
1178,0
1216,1
9370,0
9342,0
15506,0
754,0
3873,0
3089,0
12450,1
7950,0
3240,0
3798,0
16825,0
5197,0
10720,1
16775,0
2430,0
9201,0
6494,0
3216,0
6523,0
2563,0
13168,0
10813,0
12907,0
15660,1
11971,0
7769,0
15820,0
4670,0
3249,1
15747,1
8685,0
2523,1
13499,0
5017,1
8307,0
10263,1
16911,0
13639,0
6361,0
13449,0
2824,0
9355,0
1334,0
13301,0
10519,0
2957,1
2405,0
3904,0
16007,0
5511,0
5337,0
6297,0
4505,0
12504,1
3116,1
3846,0
7275,0
8078,0
16625,1
2847,1
6917,0
6849,0
2626,1
9528,1
824,0
16087,0
2260,0
1374,0
11140,1
3010,0
16876,0
10477,0
3779,1
8781,0
14373,1
3978,0
14101,0
11004,0
704,1
3447,0
4756,0
1699,0
15919,0
3770,0
3356,0
6046,1
15687,0
12530,0
5158,0
11083,0
6042,1
11902,0
8704,0
4221,0
7525,0
16857,0
10450,0
12977,0
15636,1
12030,0
1315,0
7043,0
14159,1
8428,0
1962,0
2970,0
16123,0
13610,1
15824,0
4898,1
4845,1
10816,1
15305,1
13663,0
1417,1
1479,0
8109,0
6301,0
14746,0
8138,0
7739,1
15423,0
7529,0
7071,0
15126,1
12881,0
12328,1
7806,0
14477,0
2164,0
12637,0
4176,0
14909,1
7588,0
6561,0
2344,1
1278,0
5850,0
9220,0
7419,1
277,1
12880,1
3206,1
14688,1
964,1
6182,0
12310,1
8770,1
10967,1
10724,0
16371,1
1339,1
16389,0
11606,1
10460,0
15141,1
13506,1
1490,1
13467,0
10730,1
2827,1
4322,0
272,1
2815,0
10489,1
15369,0
851,1
8922,0
15734,0
3282,0
15353,0
1481,0
6991,0
14608,0
8438,0
16960,1
5966,0
9112,0
16252,0
13855,1
1053,1
11240,1
4102,0
10344,1
3777,1
16564,0
8764,0
5310,1
2062,0
7607,0
16143,0
1976,0
1652,1
15933,0
6743,0
13699,0
1380,1
2936,1
6766,0
4330,0
3627,1
3925,1
13646,0
5134,0
7125,1
9794,1
5742,1
8693,1
9652,0
9945,0
15540,0
618,0
8832,0
8857,0
743,0
10933,1
11575,1
15480,0
11994,0
13868,0
16768,0
12534,1
15,0
9003,0
8167,0
14417,0
1542,0
14270,1
4028,0
4056,0
8839,0
11970,0
9522,0
10679,1
4526,0
7991,1
8145,0
12480,0
6060,0
537,0
4824,1
9360,0
6757,1
3581,0
15571,0
13539,1
13823,1
16684,1
13965,1
6639,0
9588,1
2280,1
9147,1
2829,1
14802,0
4623,0
7514,1
3487,0
8911,0
181,0
2147,1
2616,1
11035,0
1686,0
9820,0
4952,0
6865,0
5750,0
7288,0
11620,0
5990,1
6204,0
7549,1
13364,0
8415,1
15198,0
1025,1
558,1
9568,0
13090,0
15667,1
7050,0
718,0
6898,0
13570,1
11416,0
15939,0
52,0
9987,0
2390,0
11656,1
9854,0
12457,0
5302,1
14481,1
8241,1
6689,1
5077,1
7526,0
2055,0
6359,0
7391,1
8752,1
1638,0
6740,1
16698,0
11601,0
15470,0
12232,1
2612,0
612,1
12933,1
5675,0
16152,1
14765,0
2669,0
6637,0
6892,1
13462,1
9059,0
9408,0
449,0
1054,1
4458,0
5954,1
13667,0
7173,0
60,0
8198,0
13008,1
6953,0
15754,0
4482,0
3827,0
7691,0
12945,0
13194,1
4002,0
15049,0
9490,1
7794,0
8610,0
5048,0
1232,0
14233,0
7662,1
13381,1
6077,1
15184,0
12787,1
3479,0
7402,1
16124,1
14992,1
11301,0
14658,0
5579,1
2687,0
16086,1
14484,0
8100,1
7512,1
8466,0
8844,1
13293,0
1734,0
6760,0
539,0
5330,0
7301,0
4365,0
10583,1
13352,0
4070,1
8053,1
15199,0
4260,0
3810,0
3451,1
4647,0
3040,1
9396,1
15555,1
5338,1
16412,1
12713,0
13643,0
4744,0
2642,0
11213,0
8876,0
14166,1
4215,1
1496,1
2531,0
4120,0
1318,1
5978,0
2634,0
14019,0
7947,0
11222,0
6975,1
5912,0
11312,0
4346,0
2540,0
1012,0
1995,0
2493,0
5581,1
2171,0
8511,1
12566,1
9300,0
6091,0
8951,0
16250,0
14419,0
14536,1
2657,0
13796,1
2519,0
13551,1
1605,0
7865,0
11163,0
15406,0
4549,0
15715,0
8320,0
11963,1
6193,1
160,1
2594,1
6741,0
13936,1
13564,1
16836,0
10591,0
7351,0
8046,0
8891,0
9750,1
4811,0
3545,0
13964,0
10362,1
8242,1
5192,1
6309,0
15964,0
7298,1
7006,0
9193,1
8333,0
10031,0
12219,1
13309,0
397,1
16990,0
12007,0
9609,0
12290,0
8269,1
9153,0
3258,0
8376,0
9100,1
9855,0
15665,0
5456,1
14644,0
15678,1
6513,0
3918,1
12513,0
14580,0
12373,1
5213,0
11691,1
1061,0
4645,1
1501,1
14176,0
1520,0
5390,1
1678,1
13378,0
4379,0
7592,0
10548,0
2362,1
6859,1
16379,1
4589,0
2785,1
4040,0
5174,0
7687,0
8564,1
12376,0
13071,1
15295,0
1071,0
11765,0
11372,1
14660,0
10089,1
5085,1
10478,0
9644,0
14031,0
1776,0
10273,0
9786,0
16302,0
10659,0
16403,0
8326,0
11428,0
4249,1
14836,0
16200,1
15688,1
12774,0
4644,0
7154,0
5214,0
3632,1
4568,0
15177,1
5254,0
5574,0
16716,0
16299,0
11680,0
193,0
11122,0
2308,1
7302,0
8452,0
11355,0
11202,0
5055,0
16841,1
3539,0
9169,0
2134,0
14925,0
10072,0
11311,1
14562,0
13877,1
1484,1
16896,1
15951,0
3869,0
1849,1
13745,0
16208,0
5339,0
10793,0
16965,0
3272,1
8977,0
14263,0
3203,1
12398,0
8528,1
7315,0
13712,0
11839,0
6380,0
15292,1
13833,0
15130,0
628,0
5309,1
504,0
15632,0
16722,0
2858,0
16516,0
14168,0
5208,1
6178,0
4664,1
684,0
7722,1
1789,0
16933,1
6737,0
13815,0
9517,0
15905,1
9178,1
16438,1
1967,0
15016,1
5340,0
7826,0
4068,0
13433,1
1587,0
177,0
4504,1
9991,0
33,0
7960,1
13059,1
1233,1
7872,0
16489,1
13685,0
59,0
15326,0
4587,0
5833,1
1901,0
16051,1
216,0
3601,0
8605,1
5278,0
15650,0
10673,0
4747,0
7334,0
15248,0
7147,0
7216,0
13199,0
96,0
4691,0
390,0
8083,0
9129,0
13223,1
4709,0
10585,0
7171,0
8982,1
3774,1
13974,0
15869,0
12810,0
7314,0
10990,0
3266,1
4946,1
12952,0
12171,1
11063,0
3868,1
10564,0
6128,0
8230,0
454,0
6970,1
15073,0
14294,0
3702,1
7904,0
6809,0
6012,0
8018,1
11877,1
3084,0
1082,1
2870,1
9693,0
5784,1
1258,1
13281,0
8331,0
12258,0
5763,1
11516,0
10893,0
4616,0
4149,0
5138,1
2604,0
2908,1
8426,1
1408,1
2257,1
4052,1
8613,1
13031,1
13924,1
4328,0
8255,1
2202,0
4860,0
4577,0
3975,0
10442,0
10885,0
850,1
15046,0
11097,0
9810,1
10540,0
13673,0
2638,1
15562,0
5597,1
16454,0
3483,0
9107,0
16162,0
3531,1
5900,1
10533,0
9454,1
9813,0
7903,1
13047,0
1946,0
13732,0
6374,1
1783,1
5607,0
9400,1
4044,0
3897,1
11664,0
1363,0
10329,1
85,0
14343,0
12052,0
9878,0
7751,0
3337,1
8737,1
468,0
5117,1
130,1
5686,1
80,0
8377,0
14250,0
9278,1
5803,0
9372,0
16055,0
13456,0
4576,0
7430,0
119,0
3942,0
3752,0
2384,0
3401,1
4225,0
7152,0
14921,0
9259,0
3499,1
15738,1
2463,0
4731,0
15090,0
15401,0
5538,0
5706,1
12144,0
2140,0
11302,0
1956,1
15435,0
948,1
21,0
16533,0
2802,1
6191,1
4171,0
1094,1
15728,1
15362,1
1609,0
13237,1
9948,0
5992,1
170,0
3448,0
4838,1
2355,1
8409,0
7793,0
4089,1
10436,1
12681,0
5541,0
4832,0
12053,1
16045,1
4441,0
8939,1
15959,0
199,0
4699,1
9703,1
5437,0
3493,0
9512,0
9036,1
3986,1
16349,0
9893,0
16844,0
15077,0
4956,1
4035,0
5527,0
6400,1
11912,0
8714,0
15377,0
2534,0
7973,1
11288,0
8299,1
14428,0
5913,0
12783,1
7641,1
1913,1
12716,1
7755,0
16592,0
5851,0
553,0
10244,1
5596,1
9226,0
4006,0
10620,0
3044,1
7146,1
15487,0
5766,0
169,0
700,0
2902,0
12847,1
762,0
4593,1
12768,0
1420,1
1719,1
4915,0
10109,0
2246,1
10744,0
7718,0
4997,1
5111,0
8442,0
3340,1
4198,0
7953,0
16361,1
16494,0
11900,1
14839,1
5612,1
627,1
14459,0
1506,0
3418,0
4831,0
5778,1
8494,0
14205,1
14661,0
10325,1
7340,1
6647,0
11309,0
16959,0
3754,0
9672,1
6608,0
9533,1
638,0
9208,0
11772,0
2196,1
396,0
5586,1
10238,1
4852,0
1865,0
7156,0
1873,0
32,0
16205,0
4125,0
11212,1
4897,1
15032,1
4603,0
11564,0
1922,0
7170,1
9480,0
15953,0
7853,1
10812,0
1996,0
16507,0
15102,0
3339,0
14983,1
13348,1
10835,0
8601,1
3068,0
2017,0
2370,1
921,0
10964,1
9803,1
15355,0
16101,1
2009,1
12971,0
9907,0
16394,0
12538,0
5274,1
545,1
9161,1
9117,0
9463,0
1704,0
12126,1
10046,0
10299,1
3513,1
3194,1
16456,1
10856,0
10507,0
131,1
12599,1
1695,0
256,0
8667,1
4405,1
2283,0
4305,1
16795,1
15616,0
9867,1
10992,1
12224,1
7401,0
2614,1
16785,0
15476,1
8635,0
5593,1
5968,1
1335,1
15340,0
11316,0
11332,0
12151,0
14770,0
9274,1
5265,1
10303,0
16357,1
1722,0
8990,0
6978,1
228,0
16439,0
10791,0
8256,0
6679,1
2114,0
12584,1
2766,1
3700,1
14530,1
14551,0
10293,1
4755,0
66,1
2353,1
11685,0
10309,0
13799,0
9998,0
4230,0
11632,0
888,0
16397,0
15631,0
15234,0
2300,1
8381,0
1779,0
10417,0
4200,0
6998,1
2397,1
11109,0
8940,1
10405,0
12600,0
1403,1
15844,0
4258,0
10971,0
1143,0
5838,1
3677,0
103,0
14050,1
11966,0
15235,1
9305,1
11517,1
3355,0
6342,0
7706,0
16363,1
6931,1
185,1
4890,1
11236,0
7924,1
3759,0
9689,0
4453,0
6097,0
12284,0
260,0
16759,0
6564,1
13711,0
9828,0
13269,0
8092,1
8956,0
376,1
9773,0
2791,0
4356,0
13355,1
1221,0
1314,0
7832,0
14149,0
6188,0
6457,1
3105,0
12173,0
9497,1
9041,0
3515,1
16017,0
172,0
925,1
439,0
9974,0
5368,0
354,0
513,0
13683,0
317,0
2899,1
7502,0
10135,0
16203,0
7144,0
3333,0
16853,0
6506,1
14896,1
16561,1
1547,0
6606,0
9892,0
15403,1
2373,0
2184,0
6440,0
6320,1
13225,0
9460,0
7962,0
4297,0
6394,0
9835,0
1623,1
12659,1
14354,1
9943,1
12843,0
15117,0
12567,0
6389,0
16906,0
30,0
7347,1
10694,1
16680,0
14982,0
5879,1
10251,1
9466,0
2194,0
1775,0
9607,1
3949,1
5560,0
15528,1
11479,1
4564,1
5789,0
6201,1
2462,1
12973,1
15422,1
15995,0
12540,1
1821,0
6279,0
15103,0
10330,0
2155,0
11250,0
16362,0
10732,0
14639,1
15076,0
10601,0
10137,0
9027,1
1994,1
7296,0
16702,0
6406,0
15795,1
12876,0
659,0
3201,0
11974,1
4745,1
1362,1
452,0
4105,1
12463,1
10774,1
14275,1
2364,0
14792,0
9447,0
4196,1
16295,0
2499,0
3915,0
15322,0
14793,1
9099,0
5918,0
15550,1
8830,1
11133,0
856,0
10842,0
13484,0
13740,0
2002,0
4679,0
14804,0
238,1
3096,0
3755,1
1524,0
930,1
6334,0
2112,0
1763,0
12236,1
9647,0
11891,1
6866,1
8700,0
8858,1
5591,0
3590,0
3906,0
11419,1
13895,0
7297,1
3323,0
10079,0
16753,1
13371,0
15946,0
5049,1
14435,0
14451,1
2248,1
1465,1
14147,1
15374,0
13192,1
9841,0
8403,0
14044,0
12682,0
16399,0
14468,1
2067,0
16498,0
2578,0
11224,0
8576,1
7858,0
1731,0
4819,0
1303,1
14182,1
2602,0
7332,0
16766,0
13865,0
12089,0
4669,0
2244,0
303,1
9241,0
8011,1
9176,1
946,0
4307,1
14773,0
12044,0
10245,0
1895,1
6317,0
15223,0
12455,0
5543,0
14671,1
11198,0
10823,1
16063,1
14469,0
12988,0
2536,1
3987,0
11195,0
13906,0
2955,0
1097,1
14300,0
7454,1
10621,1
13614,1
15957,1
1906,1
14394,1
12494,0
12649,0
2787,1
11051,0
10198,0
5791,0
14123,0
11958,0
13881,1
14666,1
554,1
7999,0
15527,1
1321,1
243,0
7025,1
8363,0
3809,1
8221,0
5094,0
13975,0
15889,0
12387,0
1284,1
15771,0
6911,1
2635,0
16188,1
9680,0
5552,0
8501,0
12079,0
13110,1
10717,1
9090,1
13760,0
4862,0
5389,1
10002,1
5746,1
10383,0
6543,0
8952,1
13045,1
10894,0
13452,0
7321,0
10254,1
16786,0
8503,0
13859,1
2873,1
5584,0
2237,1
102,0
1545,1
16814,0
3119,1
4141,0
5582,0
2675,0
8825,0
8288,1
808,0
8156,1
11460,0
6414,1
5701,0
8298,0
2231,0
9002,1
2105,1
574,1
8199,0
5551,0
6995,1
4124,0
15421,0
3181,0
13946,1
8172,0
13977,0
9179,0
1573,1
12873,1
5491,0
13501,1
10898,1
7500,1
2694,0
11753,0
1016,0
14088,0
4284,0
13611,0
13461,1
2506,1
9298,0
9559,0
12838,0
8386,0
8755,0
3343,0
14504,1
10471,0
3189,0
15595,0
8717,1
12381,1
489,1
6919,1
4821,1
11044,0
7233,1
10785,1
8444,1
4960,1
13284,0
4987,0
13002,1
10820,1
8762,0
8349,0
2964,0
3374,0
11708,0
7597,0
9200,0
15936,1
8571,0
7966,1
16866,1
14621,1
10451,0
2332,0
8575,0
8555,1
5062,0
13910,1
6886,1
2478,0
7547,0
15902,1
9004,0
14965,1
9068,0
4430,1
7009,0
14268,0
633,0
11795,0
9642,1
5298,0
8732,1
8201,0
6640,0
4234,0
14835,0
1131,1
15218,0
13793,0
414,1
2679,0
15973,1
5981,0
717,1
13503,0
15873,1
155,1
14648,0
14276,0
10233,0
14336,0
12181,0
7982,0
8506,0
16524,0
7323,0
3311,0
14640,0
14341,1
8193,0
15084,0
3865,0
9696,1
4428,0
11813,1
16307,1
4830,0
8618,0
4497,1
10819,0
9913,1
16053,0
2801,0
10497,0
11095,0
8562,1
4547,1
15630,0
13136,1
8408,0
14119,0
8883,0
14722,1
1446,1
16677,0
16151,0
3016,0
4466,1
3475,0
332,1
9434,0
9678,0
9127,0
10513,0
14818,0
12562,0
163,0
15764,0
17,1
10759,1
361,1
8207,0
2521,0
5624,0
15814,1
10688,0
6283,1
15138,0
8248,1
827,0
7011,0
11937,0
5842,0
1697,0
10252,1
7622,1
1567,1
15658,0
3880,0
10952,1
7369,0
6698,0
2335,1
11433,1
15467,1
12268,0
4968,0
9363,1
9904,0
10738,0
4493,1
15981,0
9864,0
13704,0
306,0
16808,1
3197,0
10424,0
14216,1
13528,0
11476,1
5798,1
540,0
4518,1
15645,0
13021,0
16558,0
4599,1
11906,1
10494,0
16095,1
254,0
616,0
4716,0
4880,0
3115,0
1886,0
13339,0
7372,0
4736,1
4788,0
620,0
1595,0
15976,0
10912,0
13990,1
7509,1
14355,0
6230,0
13713,0
12900,0
8332,0
6776,0
14860,0
3656,0
508,0
12851,0
1297,0
11846,0
6024,0
1457,0
391,1
1355,0
5358,0
15704,0
4511,0
13637,1
14833,1
9438,1
4008,1
15030,0
248,0
2138,1
4236,0
7140,1
12674,1
12415,1
16488,1
13103,0
5801,0
13695,0
15609,1
3406,1
11934,0
6298,0
3587,1
4220,0
14809,1
1200,0
14511,0
11990,1
1220,0
5322,1
15673,0
4433,0
7024,1
1930,0
11703,1
11658,1
1499,0
9909,0
7158,0
12708,0
6337,0
5246,1
3291,0
8099,1
2781,0
9444,0
2374,0
4947,0
1462,0
3879,1
13832,0
13241,0
7403,1
8524,0
3624,0
11689,0
14967,0
14097,0
16002,1
13288,0
5394,0
5478,1
15075,1
8141,0
13783,0
8045,0
10102,1
1954,1
4786,0
8847,0
8019,1
4418,0
15690,1
9248,0
12946,0
5325,0
6810,1
3028,0
13478,0
9844,0
12038,0
15558,0
11388,0
9171,0
5811,0
16527,0
775,1
13669,0
9791,1
4314,0
15110,1
8993,1
12278,1
5376,0
2790,1
15552,1
16885,1
16275,0
9293,0
1588,1
12844,0
2423,0
14653,0
14020,1
11719,1
10246,0
3901,1
5481,0
14142,0
6468,0
7630,1
4479,0
7586,0
7577,0
1744,0
14673,0
6120,1
1909,1
14189,0
1580,1
7085,1
192,0
6719,0
12161,0
13500,1
7850,0
630,1
5369,0
5718,1
3576,1
12831,0
3818,0
7974,0
6246,0
1516,0
6296,0
16146,0
10930,0
2316,0
2890,1
11842,0
5728,1
10754,0
1494,0
6616,1
7462,1
10013,0
6113,0
2104,0
12458,0
16068,1
7819,0
10996,1
11563,1
2416,0
10361,1
5691,0
13067,0
2468,0
2369,1
16026,0
8837,1
4667,1
5802,0
7871,1
2046,0
13770,0
4180,0
16717,0
7568,1
14939,0
16242,0
328,0
1088,0
15538,1
9770,0
11450,0
6039,0
15078,0
9787,0
8414,0
487,1
16410,1
579,1
8959,0
8361,0
187,1
4406,1
6733,0
10614,0
6579,0
5812,0
8166,0
2880,1
11796,1
7360,1
9624,1
7433,0
7166,0
7738,0
1180,0
12554,0
7860,0
2093,0
10518,0
8533,1
10499,1
12136,1
7828,1
13420,0
8593,0
983,0
14074,0
6041,0
7155,1
7390,0
10737,1
10658,1
2700,0
10944,0
1528,1
14709,0
5969,0
15207,0
10959,0
6872,0
6529,0
5284,1
9709,0
715,0
16787,0
11232,0
16468,1
12117,0
3613,0
1537,0
3465,1
9060,0
2835,0
2982,1
4016,0
593,0
195,1
2934,0
11670,0
14941,1
9521,0
10093,0
6008,0
14659,1
7036,0
11091,0
11365,0
10191,1
6458,1
14309,1
8633,0
2445,1
16056,1
1807,1
14229,0
12194,1
16289,0
5036,1
13794,0
7732,0
3864,0
13991,0
9615,1
3697,0
14495,1
4384,0
1870,1
12728,0
11203,0
15448,0
6415,0
16414,0
14978,0
10749,0
1081,0
16042,1
5238,1
15060,0
14038,1
14522,1
10459,0
3615,1
12552,1
12499,0
2005,0
9327,0
5928,1
7774,0
1107,1
11525,0
7447,0
2611,1
1585,1
3610,0
6020,1
16078,1
6727,0
16986,0
16827,0
16186,0
11498,0
1130,0
4351,1
10370,0
8935,0
1369,1
10374,0
2819,1
7666,0
14137,0
3027,0
12095,0
5430,0
6772,0
466,0
1558,1
10312,0
13447,0
5042,1
16802,1
4895,0
880,0
1470,0
11683,0
9591,0
1052,1
603,0
15176,1
5799,1
9832,0
9213,1
10844,1
8821,0
2225,1
10473,1
7998,1
11821,0
16996,0
11907,0
10908,0
14235,0
12339,1
5988,0
2125,0
7572,0
12291,1
10041,0
10808,1
8751,1
7519,0
3562,1
9594,0
15713,0
11107,0
1247,1
8502,0
7463,0
15942,1
13813,1
12785,0
16849,0
9776,0
29,1
5664,1
15142,1
1780,0
13543,0
387,1
5643,0
2032,1
16477,1
6269,0
137,0
12574,0
4818,1
8556,0
12407,1
881,0
6421,1
10508,0
15381,0
8002,0
14825,1
11290,0
420,0
3303,0
8884,1
6798,1
9598,1
10600,0
7119,1
1461,0
13804,1
6356,0
16196,1
7528,0
2287,0
3776,0
16743,0
11344,0
12207,1
11926,0
7308,0
14219,1
7076,1
3524,1
378,1
13342,1
3771,1
6565,0
12249,1
12072,1
135,0
2973,0
13696,0
4540,1
12178,1
4784,1
13940,0
14178,1
2504,0
5065,1
16081,0
11238,0
6787,0
12282,1
1197,0
1500,0
9056,0
16616,1
963,0
10373,1
9911,0
6768,0
9586,0
9762,0
9698,1
8169,1
1268,1
11728,0
16837,0
6454,1
1460,1
3052,0
4443,1
1345,0
6526,0
7393,0
9181,0
15105,0
15011,0
5025,1
5598,0
6059,1
9793,0
12104,0
11778,1
10032,1
4039,0
8726,0
16312,1
13764,1
9797,0
8824,0
6840,1
16945,0
10560,0
7978,0
13226,0
10794,0
14844,1
14620,0
12239,1
1691,1
16141,0
9982,0
3706,1
3800,0
14203,0
372,0
6126,1
12905,1
10248,0
12460,0
14597,0
9865,0
10427,1
4572,1
3734,1
10123,0
2588,0
12657,1
1735,0
4510,1
4975,0
13101,0
15168,0
3180,1
7236,0
3458,0
1266,0
15317,1
15390,0
14649,1
8208,0
13912,1
9285,0
13338,1
8187,0
13708,0
5635,0
12474,1
2403,0
15450,0
11489,1
3041,0
12391,0
3549,0
8467,1
10,0
8482,1
10973,0
15460,0
5948,0
12703,1
3008,0
3974,0
14363,0
9040,0
12116,1
13051,1
5404,0
4730,0
1195,1
14582,0
4815,0
10359,0
12592,1
6370,1
14055,0
11337,0
6074,1
14247,1
6918,1
12004,1
2160,0
3652,0
10951,1
1803,0
7665,1
9069,0
2079,1
14374,1
5625,0
12517,0
10800,0
14118,0
11067,1
9757,0
10897,0
9489,0
15043,1
11056,0
2208,0
4875,1
15321,0
1725,1
11100,0
9141,1
2229,1
1503,0
8021,0
9720,0
14662,0
1812,0
12891,0
13145,0
1472,1
14337,0
16216,0
731,1
16536,0
15420,1
8917,1
768,0
7446,0
4092,0
14471,1
11408,1
3698,1
1409,0
10686,0
10047,1
16409,0
10015,0
13592,0
79,1
1267,0
13275,0
7035,1
154,1
6887,0
4583,1
11939,1
3699,0
6675,1
12316,0
838,0
5840,0
12421,0
11061,0
4268,0
6314,0
15052,0
753,0
9254,0
4926,0
12904,0
6631,1
4264,1
6818,0
1492,0
14364,0
14220,0
2744,0
15666,0
269,1
1920,0
471,1
5244,1
16645,0
526,1
1872,1
15997,0
16169,1
13191,0
13424,0
7059,0
13850,1
4499,0
8346,0
15532,0
2224,1
10053,0
16758,0
12541,1
10392,0
4772,0
4524,0
3820,1
786,0
8692,0
8424,1
9631,0
7163,0
16509,1
3756,1
12265,1
10060,0
11597,0
4251,0
8865,1
5725,1
15711,1
2337,0
2691,1
16872,0
13134,1
6460,0
14814,1
11552,0
10321,0
9666,1
13944,0
12039,1
8927,0
7457,0
6496,0
4866,0
16021,0
16585,0
6954,0
9106,0
7344,1
9513,0
9471,0
6753,0
14439,0
11379,0
1876,0
2938,1
11688,0
9267,0
2726,0
5517,0
3349,0
491,0
282,0
3522,0
12214,0
10761,0
13996,0
10003,0
1093,1
16658,1
6456,1
14124,0
13107,0
3005,0
14807,0
5203,1
1790,1
10152,0
16478,0
6444,0
12551,0
11777,1
12473,0
5989,1
249,1
12710,0
7943,1
5243,0
5505,1
13807,1
12604,1
1526,1
13706,0
2143,1
13481,0
4243,1
14663,0
1972,1
15743,0
7747,1
9235,1
9260,0
15977,0
5418,1
4874,0
5899,1
4955,1
6236,0
5090,0
472,0
8474,0
14007,1
822,0
10390,1
10356,0
9364,0
15744,1
10324,0
4079,0
2992,1
8344,0
13851,0
3540,0
14,0
16153,1
6902,1
14084,0
4656,0
12489,0
12758,0
412,0
13509,1
4737,0
15378,0
1109,1
15531,0
3331,0
356,0
13480,1
8608,0
12185,0
4303,0
10609,1
6759,0
8175,0
15122,0
9602,0
14727,1
13313,1
4110,0
12521,1
9172,0
10538,1
11986,0
4021,0
9809,0
13773,1
1917,0
6328,0
4091,1
14350,0
1645,1
11217,1
9464,0
1393,0
4909,1
6083,0
9581,0
16331,1
15066,0
11019,1
7212,1
12948,1
12082,0
14902,0
1945,0
6480,1
15801,1
9347,0
16453,0
13318,1
15863,0
7921,1
16411,0
2413,0
11373,1
5941,0
3383,0
16193,1
309,0
2597,1
1133,0
8464,0
8430,0
5931,0
10678,0
2408,0
7225,1
4292,1
9959,0
7007,0
16799,1
9653,1
2751,0
11598,0
7066,1
8041,0
4202,1
2091,0
657,0
12497,0
8434,0
13428,1
16309,0
13280,0
3731,0
13386,0
10332,0
14323,0
6680,0
13521,0
10070,0
2285,0
8706,0
1689,1
13687,0
9039,0
4485,0
10592,0
3125,1
4711,0
789,1
6725,0
7089,0
11623,0
16949,0
14933,1
15347,0
2929,1
3192,0
6019,1
15366,1
11853,0
165,1
3167,0
8588,1
7455,1
15994,0
2174,1
11017,1
4206,0
14061,0
16234,0
13911,0
5617,0
3606,0
9216,1
8718,0
11319,0
2276,0
15699,1
10430,1
1067,0
5953,0
7394,1
10147,0
6499,0
12196,0
8851,0
13786,1
14544,1
7300,0
6723,0
1214,1
16887,0
15993,1
3633,1
15546,0
9502,0
10656,0
8520,1
16246,1
5156,0
4262,0
8071,0
13197,0
364,1
16651,1
11278,0
819,0
3635,0
6983,0
7130,0
3659,0
5234,0
7849,0
2717,0
9411,1
984,0
15001,0
12393,1
2377,0
14079,0
10896,0
5087,1
16936,0
5121,1
7678,1
7459,0
15053,1
11702,1
673,1
1206,0
11587,0
9164,0
11923,1
15742,0
1657,0
8365,0
3585,0
10736,1
10232,1
13304,1
8994,0
3053,1
9376,0
11359,0
3452,1
10334,1
12159,0
14735,0
5451,0
13172,1
2826,0
3412,0
8149,1
2029,0
15193,0
1198,0
4423,0
7295,0
848,0
9377,0
15644,0
12537,1
3264,0
5821,0
10444,1
9723,1
4574,0
1868,0
3530,1
4257,0
7730,0
15543,0
1648,1
12375,1
1189,0
12632,0
15651,0
15991,1
7977,1
8806,1
12412,0
1679,0
8673,1
6558,1
8271,0
16402,1
10807,1
11259,1
7100,0
16724,0
11510,0
15465,0
12792,0
4893,1
2561,0
8621,0
1274,1
2904,0
2946,0
1714,1
16696,0
4892,0
184,1
2454,0
14057,1
11875,1
13331,1
3484,0
12937,0
844,0
9620,0
8324,1
7359,0
1129,0
6474,1
7417,0
11967,0
2741,0
10449,0
16803,1
15116,1
7851,1
5839,1
13359,0
8955,1
14755,1
2621,0
15718,1
6972,0
14462,0
812,0
15204,0
5185,0
34,0
13810,0
7636,0
8392,0
14377,1
3034,1
7558,0
4704,0
7384,0
15851,1
2546,0
2124,0
5996,0
12640,1
8985,0
2545,1
2674,1
4911,0
520,1
2864,1
12168,1
5069,1
14810,0
1021,1
4127,0
15763,0
14855,0
4164,0
5370,1
13377,0
7579,0
14732,0
4558,0
14490,0
440,0
13458,0
5836,0
9190,0
13733,1
16215,0
6253,0
12141,0
3816,0
13365,0
6800,0
16539,0
11988,0
7772,0
9972,0
14993,0
13282,0
7844,0
7873,1
15587,0
2217,0
16572,1
6150,1
15288,0
12409,0
13632,1
4988,0
13870,0
11375,0
3504,1
5453,0
14083,1
6228,0
15356,0
15290,0
5053,0
8669,0
8765,0
5212,0
11459,0
5155,1
4763,0
6533,1
10596,0
2360,0
11714,0
2358,1
11843,0
10221,0
8880,0
5687,0
9880,0
11036,1
9736,0
10681,0
5855,0
15809,1
7095,0
16484,0
5205,0
3030,0
6038,0
14109,1
15542,1
11789,0
1231,0
16377,0
15213,0
4385,0
11033,0
12572,0
16033,1
3992,1
16791,1
8105,0
9687,0
11901,0
14637,1
1843,0
15908,0
1124,1
9401,1
12490,0
9244,0
6516,0
3357,1
1539,1
1798,0
10033,0
7268,1
2949,0
7439,0
197,0
4287,0
6079,0
7634,1
9288,0
3069,1
9210,1
680,0
14387,0
10619,1
12965,0
695,1
14730,0
2884,1
14507,0
9906,0
5034,0
2525,0
8659,0
11627,0
5878,0
9284,0
7192,0
7385,1
11801,0
3046,0
6794,0
515,1
8931,1
14690,1
14446,0
11580,0
16232,0
3235,0
9754,1
6235,1
3793,0
14559,0
11592,0
7843,0
8061,0
2966,0
8675,0
6910,0
1748,0
474,0
9755,0
10209,0
12598,0
3315,1
14153,0
10611,1
6434,0
4345,0
16846,0
11851,1
12987,1
3453,0
4022,1
12665,0
10192,0
15324,1
2712,0
12129,0
15099,1
11806,1
15567,0
626,0
14482,0
10500,0
6238,0
11513,1
6834,1
1929,0
5288,1
8235,1
13167,0
12226,1
6706,1
4949,0
3140,0
15182,1
10266,0
13932,1
2963,1
8834,1
2212,0
12978,0
15790,1
15500,0
3344,0
226,0
9852,1
310,1
11268,0
8920,1
12509,0
13035,0
9936,0
15544,0
15785,0
12318,1
11102,0
7365,0
8196,1
16469,1
2553,1
11833,0
2780,0
833,0
2439,1
3092,0
6699,0
14425,1
4753,0
4902,0
15045,0
7842,0
3292,1
51,0
7799,0
8355,0
7976,1
11959,0
6463,0
8933,0
12056,0
15593,0
8665,1
886,1
15175,0
644,0
10805,0
16721,1
16730,0
11744,0
6282,0
15457,0
11144,0
13195,0
15392,1
8549,0
10084,0
4098,1
8678,1
2356,1
13969,1
2188,1
7907,1
16239,0
16790,1
13457,1
3380,1
5957,0
14976,1
4868,0
14264,1
3013,1
1361,0
14108,0
6470,0
10230,0
13562,1
12751,1
14843,0
58,0
3555,0
2585,0
8005,0
10869,0
13962,0
9924,0
3433,0
12867,0
13382,0
10515,1
11667,0
5662,0
384,1
5872,1
13053,1
689,0
2241,0
442,0
3833,0
16490,0
13344,1
13604,0
11767,0
3586,1
7415,0
1563,0
2205,1
9465,1
6291,0
4595,0
12378,1
7070,0
386,0
12764,1
721,0
15592,0
15033,0
9159,0
12777,0
16937,0
3971,1
15521,1
5435,0
16779,1
1377,0
13419,0
15856,0
14958,0
8850,0
12468,1
124,1
6184,0
10190,0
11427,1
2692,0
5421,0
16613,0
9185,1
6231,0
13837,0
14693,0
12596,0
5219,1
15735,1
9625,0
14225,1
9744,0
11275,0
9836,0
1890,1
12845,0
11134,0
15494,0
13050,0
8366,0
16388,1
6522,1
589,0
2066,1
15878,1
16281,0
10270,1
9563,0
8960,1
4847,1
16430,0
3353,0
10915,0
2007,0
15839,0
1551,0
11451,1
1947,0
3256,1
13176,0
13670,0
10782,1
3565,0
8902,0
8037,0
12193,1
755,1
14068,1
13814,1
8972,0
3529,0
6027,0
12820,0
300,1
8135,0
2455,1
14954,0
10669,0
1951,0
5592,0
2131,0
4447,1
6416,0
10029,0
15385,1
14269,0
10919,1
867,0
16011,1
9960,0
12047,0
7829,1
16934,1
8727,0
14327,0
12966,0
16878,0
15424,0
2565,1
7022,0
11262,0
13800,0
16767,0
16481,0
5335,0
13244,1
120,0
12958,0
7913,0
11480,0
13207,0
8545,1
14617,1
3150,0
10155,0
15684,1
8427,1
1891,0
2,1
16174,0
10712,0
2094,1
714,0
12852,0
1862,0
915,0
2652,1
1438,0
5697,0
8542,0
9392,0
7511,0
6577,1
1447,0
2739,1
16214,0
2853,1
6157,1
3232,1
6270,0
8560,1
4434,1
15214,0
13739,0
8356,1
12790,0
12197,1
15395,0
1138,0
8308,1
11524,0
12738,0
14812,1
8893,1
9250,1
6053,1
9603,0
5434,0
13761,0
12485,0
7716,0
15940,0
8586,1
5924,0
7475,1
11442,1
315,0
5113,1
3984,0
8465,1
914,0
13730,0
10112,0
3980,1
5169,0
12558,1
9477,0
16355,1
10549,0
5531,0
6272,0
12671,1
14254,0
7434,0
9331,0
1495,0
16259,0
12206,0
14545,0
10009,0
4381,0
8462,0
7824,1
2347,0
10758,1
6813,0
4162,0
4094,0
747,0
14772,0
14700,0
16789,0
7129,0
2803,0
683,0
10433,1
12542,1
3619,0
3230,0
8997,0
6350,0
11947,1
4029,0
1209,0
12087,1
7107,0
3176,1
6137,0
3773,1
7069,1
12140,0
2777,1
766,1
8246,1
13248,0
3570,0
5637,0
11669,0
7254,0
4492,1
12613,1
9558,0
3413,0
9343,0
9657,0
12453,1
529,0
645,0
1715,0
4099,0
6710,1
15371,1
4411,0
8358,0
2631,1
15893,0
10859,0
2145,1
1277,0
15005,1
13950,0
11103,0
13917,0
6418,0
15608,1
7416,1
3364,0
15642,1
10646,0
68,0
12493,1
563,1
14961,0
7188,0
6274,0
8203,0
9151,1
12970,0
15900,0
4773,0
2935,1
2156,0
832,0
12718,0
12735,0
8779,0
13647,0
16769,0
14944,0
10234,0
6625,0
2828,1
9514,1
13717,1
13689,0
13171,1
13571,0
12668,1
16264,1
6023,0
2730,0
15612,1
3845,0
836,0
12761,0
13846,0
12707,1
1167,0
6649,1
2293,0
4077,0
6956,1
16870,1
388,0
5964,0
8672,1
15348,1
516,0
6891,1
9403,1
1181,1
1030,0
8003,1
12894,0
13276,0
7465,0
5259,0
458,0
8919,1
5004,0
10615,1
14607,1
8277,1
12653,0
10751,0
13755,0
10125,0
1295,1
13536,1
12372,1
16491,1
13479,0
3858,0
11995,0
9729,0
12947,1
1665,0
15000,0
1518,0
10529,1
11572,0
6663,1
5919,0
6985,1
15578,0
2654,0
3079,0
10954,1
641,0
2713,0
1911,0
6847,1
8708,0
12608,1
12122,1
4122,0
11125,0
3722,1
15418,0
14577,0
7571,0
12742,0
9359,0
1997,1
517,0
3346,1
15876,0
7515,0
8662,0
10106,1
11045,0
14069,0
16217,1
10968,0
14442,0
11470,1
2961,1
2954,1
11760,1
7313,0
5817,1
16177,0
14759,0
7012,0
8251,0
5781,0
7304,0
15937,1
1381,0
5377,0
13992,0
7061,1
6379,1
6986,1
7831,0
1111,0
3853,1
1034,0
265,0
4187,0
10128,0
1612,1
7814,1
12931,0
12300,0
10790,0
6825,0
11704,1
16941,1
7507,1
5761,0
13525,0
5588,0
11574,0
7682,0
6593,1
12077,1
8194,0
7771,0
15247,0
7551,1
14589,0
5472,1
7053,0
5162,0
6245,1
10939,0
10616,0
2559,1
13261,0
3032,1
9356,1
1486,0
6215,0
3938,1
1675,1
9230,1
4642,1
2775,0
8879,0
408,1
9822,0
1521,1
9842,0
11649,0
10074,0
9699,1
5450,0
10199,0
15267,1
3050,1
3024,0
7701,0
9869,1
15758,1
7286,0
8864,0
5137,0
10916,0
12396,0
2677,0
7038,0
14630,1
8493,1
14307,1
5707,0
12043,1
4265,0
16929,0
4620,1
4608,0
164,0
13811,0
12776,1
1489,0
15124,0
10702,0
1818,0
12800,0
16315,0
5619,0
13343,0
3290,0
13898,1
14148,0
16100,1
15150,1
2259,0
13380,1
11894,0
13748,1
9258,1
1219,1
5967,0
8317,0
11444,1
13638,0
7741,0
12066,0
9780,0
14062,0
11215,1
931,1
6567,0
813,0
16654,0
11380,0
5716,0
6322,0
12869,0
3828,0
15489,0
3554,1
2746,1
15222,0
16306,0
12595,0
4525,0
11962,0
8237,1
14757,0
15834,0
5010,0
2281,0
11326,0
11757,0
5636,0
8234,0
4765,1
551,0
14664,1
2434,0
1483,0
10975,1
13973,0
4352,0
13994,0
4933,1
12029,0
2729,1
2272,1
729,0
5513,1
1533,0
14830,1
7661,0
5633,1
5327,0
8690,1
16404,1
6745,1
12135,1
10934,0
13390,0
1709,0
10861,1
787,1
404,1
1552,0
7584,1
4570,1
9629,0
15300,0
4839,1
9423,1
4702,0
12750,1
3155,0
1718,1
8607,0
8853,1
6384,0
2918,0
8115,0
9746,0
9587,1
15639,0
12076,0
7120,0
9951,0
3334,1
1671,1
15365,1
8262,0
10788,0
13494,0
457,0
16367,1
7214,0
5148,1
501,0
909,0
14287,0
9569,1
570,0
15807,0
8009,1
5510,1
1402,1
5852,0
16206,0
14292,0
7748,0
11782,0
1705,0
16913,1
11170,0
6615,0
1256,1
12817,1
15590,0
11324,0
4491,0
6851,0
6081,1
14286,0
706,1
3767,0
3799,0
4506,0
3198,0
9877,0
9916,0
14998,1
14169,1
4444,0
1933,0
12667,1
4158,0
8795,0
11651,0
4380,0
15057,1
12976,1
2092,0
9272,0
14540,0
8581,1
10224,0
9885,0
8121,0
10462,0
15002,0
14971,1
7868,0
4641,1
6888,0
12989,0
12086,0
3826,1
5522,1
10909,0
7424,0
2734,1
15280,0
4533,1
8074,0
919,0
15709,0
2923,0
9944,1
5514,1
3389,0
8973,0
6562,0
7142,1
8862,1
11293,0
9540,0
11382,1
14625,0
3769,0
6952,0
5910,0
2843,1
11643,1
4360,0
13491,0
11080,1
1360,0
4869,0
2503,1
380,1
2414,1
16224,0
1676,0
15909,0
475,0
2831,0
10352,0
11758,1
7352,1
11478,0
14383,1
12420,1
13559,0
13260,1
1404,1
7604,1
12040,0
4657,0
10503,0
1661,1
10287,1
16448,0
9882,1
13470,0
586,0
13777,1
16291,0
8058,0
1989,0
3023,0
3764,1
12809,0
14113,0
7688,0
13555,0
3855,0
8030,1
10692,0
16909,0
8925,0
2132,1
3648,1
3842,0
7287,0
7541,1
613,0
6581,0
2648,0
5251,1
8260,0
8574,0
2556,0
8886,0
8111,1
3979,0
10997,1
8904,1
588,0
9617,1
11,0
16856,0
3172,0
8529,0
9732,0
14800,0
7280,0
360,0
2944,0
12063,0
15510,0
14398,1
5289,0
4661,1
829,1
3830,1
6670,1
7524,1
2395,0
14782,0
14078,1
4166,1
2111,0
8874,0
16845,0
7758,0
2152,0
14936,0
10798,0
12231,1
14311,0
15560,0
4532,1
5892,0
5790,0
7048,1
15107,0
12075,1
10977,0
16340,1
3671,1
992,0
5089,0
1879,1
9478,1
5561,1
13177,0
13579,0
13014,1
7704,1
12789,0
12299,1
2678,0
2520,0
14092,0
14048,0
12179,0
3072,0
15986,0
11357,0
16265,1
7331,0
14165,1
3623,1
9741,0
11899,1
9113,0
1059,1
10676,1
9482,0
15271,1
5334,1
8130,0
730,1
10966,1
10022,0
13163,0
1742,1
11077,0
15236,1
15588,1
11668,0
3352,1
13235,1
16140,1
5317,0
15835,1
15212,0
7217,1
5720,1
1276,1
5877,0
4255,0
8353,0
11630,0
4517,0
16618,0
4446,1
16798,0
4688,0
6874,0
11162,0
13589,0
4516,1
2990,0
4650,1
5095,0
9487,1
2620,0
8731,1
16556,0
9876,1
14560,0
4508,0
7210,0
8008,0
13843,0
13567,0
16382,0
13317,0
6108,0
16182,0
6748,0
16417,0
15887,1
10846,0
9871,0
171,0
9866,1
15860,0
7987,0
10059,1
11886,0
15351,1
14591,0
5681,1
6057,0
9013,0
3393,0
1372,0
10667,0
8829,0
6940,1
10680,0
14943,0
16992,0
11969,0
12187,0
4527,1
3185,0
4412,0
2133,1
16445,0
14396,0
16930,1
7497,1
12170,0
16184,0
11675,0
10296,1
10985,0
6520,1
12858,0
12950,0
5890,0
11296,0
14554,0
16843,1
4663,0
12452,1
9772,0
678,0
13693,0
3082,1
4876,1
16523,1
971,0
13431,1
6432,1
8631,0
12605,0
1710,1
5488,1
3076,1
8742,0
16697,0
10134,1
14852,0
7564,0
7189,1
2999,0
9204,0
8313,0
13492,0
4854,0
13769,0
2756,0
2544,1
7989,0
16575,0
1591,0
7864,1
2240,0
7203,1
6134,0
6665,1
8663,0
14143,0
14427,0
15088,0
3213,0
4566,1
1809,0
15387,0
9610,1
10695,0
1856,0
7892,0
11849,0
6684,0
278,0
223,1
10297,0
7922,0
7273,1
11924,0
370,0
14677,0
15242,0
15827,1
2517,0
4872,1
16681,1
3944,1
10037,0
14610,0
2947,0
6167,1
1940,0
13698,0
548,0
7802,0
15313,1
1541,0
5341,0
10337,0
13625,0
44,1
14345,1
5218,1
10903,1
10682,0
16693,1
11148,0
1007,1
3757,0
7165,0
12814,1
16667,1
10662,0
3689,1
10509,0
14657,1
7935,0
10376,1
11252,0
14405,0
88,0
5135,0
8393,0
6626,1
10947,0
561,0
15888,0
12277,1
15927,0
4796,0
13329,1
6050,0
9389,0
4575,0
2518,0
2910,1
2255,0
16541,1
16316,0
6465,1
11611,0
11389,1
11731,1
7996,0
4205,1
15166,1
12305,1
13742,0
12727,1
3643,0
2407,0
7099,0
5709,0
14013,0
271,1
291,1
13422,0
16733,0
15516,1
12535,0
1126,0
15749,0
13891,0
7538,1
522,0
11809,0
1119,1
6265,0
3218,1
3547,1
8094,1
6559,0
12617,0
15183,0
1436,1
211,1
15761,0
8206,1
2497,0
31,0
16202,1
11011,1
14347,0
3548,1
5599,1
7255,0
3501,1
4276,0
9643,1
8895,0
14704,0
15336,0
2615,0
1145,0
3638,0
13405,1
10292,0
16641,1
1154,1
3617,0
9152,0
13534,1
8437,0
5079,0
12687,1
9,0
15729,0
14875,0
7698,0
15083,0
9578,1
634,1
10888,0
13682,0
2690,0
1615,1
4802,1
11281,0
1329,0
8836,0
5628,1
2033,1
12154,0
8734,0
13265,1
5846,0
11991,0
13446,0
9664,1
6722,0
8157,1
9194,0
3215,0
5575,0
3147,0
2608,0
8079,1
2920,0
4611,0
842,0
6206,0
13401,0
1647,0
106,0
6535,0
5139,1
9053,0
10406,0
7857,1
16606,0
13041,0
9659,0
13252,1
16219,1
3496,1
11729,0
11697,1
11628,0
2227,0
1589,1
13473,0
3310,0
55,1
8257,0
1732,0
12514,1
14043,1
4769,1
16437,1
6793,0
15159,1
12623,0
9884,1
7668,0
4767,0
14158,0
2562,0
10932,1
9079,1
14346,0
11799,0
11610,1
11078,0
7064,0
8402,0
12575,0
13325,0
7789,0
10660,0
13844,0
3541,1
2090,1
6493,0
4231,0
14406,1
6190,1
16940,0
13070,0
9863,1
8490,0
13242,1
11409,0
3438,0
3642,0
4387,0
507,1
4761,0
4609,1
5101,0
610,1
10628,0
11130,0
8746,0
1173,1
7261,1
1749,0
9976,1
2705,1
2881,0
15233,0
13312,0
11005,1
16623,0
2385,0
9097,0
11189,0
3382,1
3366,1
3982,0
9823,0
6352,1
3695,0
12874,0
5357,0
13409,1
5631,0
14456,1
5142,1
4049,0
2514,1
470,0
2320,1
10314,0
14117,1
15950,0
8827,1
2887,0
804,0
127,0
13060,1
9573,0
745,1
10765,0
5603,0
16565,0
4475,0
16107,0
3765,1
3733,1
3516,0
10368,1
3262,0
9640,1
2940,1
3620,0
6775,0
3527,0
2651,1
6503,1
12167,0
16510,0
6687,1
6447,0
3650,0
1555,0
7574,1
11522,0
5279,1
688,1
1982,1
8224,0
1312,0
7813,0
13757,0
725,1
13914,1
15750,0
9635,1
9759,0
27,0
14483,0
3983,1
73,0
15256,1
9157,0
11424,1
7032,0
926,0
16731,0
12368,1
10100,0
8515,1
3425,1
12357,1
4739,1
11404,0
7183,0
8007,1
14130,0
7427,0
4923,1
6469,0
9073,0
1452,1
5097,1
7660,0
4957,0
8753,1
10441,0
2172,1
14760,0
13983,1
11930,1
5641,0
4822,1
8025,0
8405,0
9299,0
9650,0
16640,1
13866,0
11936,0
8040,1
4336,0
5282,1
15520,0
7545,0
10838,0
379,1
14314,0
1116,0
15344,0
9694,0
10000,0
16254,0
9439,1
8845,0
15449,0
13583,1
5848,0
13636,1
28,0
4193,0
1458,0
3231,0
4612,0
13901,0
15956,0
3926,1
8209,0
8069,1
7114,1
8817,1
2962,0
6935,0
16877,0
1013,0
1694,1
6198,0
14539,0
16435,1
7840,1
496,0
2898,1
4323,0
5313,0
9165,0
11303,0
16784,0
11672,1
5477,1
2774,0
13224,0
11648,0
2786,0
1835,1
12697,1
14380,0
4128,1
9126,0
3281,1
10411,1
3488,1
10066,0
16648,0
10901,0
1677,1
349,1
14555,0
8280,1
5366,0
14945,0
10369,0
3775,0
12218,0
7046,0
4545,0
6396,1
8183,0
4627,1
7337,0
12749,0
7449,0
3503,0
5385,0
13751,0
8395,1
1867,1
147,0
5614,1
7554,1
7353,0
8216,1
12074,0
5181,1
152,0
6842,0
6814,1
16714,0
8749,0
5465,0
11421,0
10381,0
12815,1
6704,1
9986,1
3156,0
3463,1
2352,0
14711,0
8,1
7639,0
8080,1
12621,0
11701,0
751,0
16964,1
7018,0
13069,1
3512,0
16892,0
7277,0
7376,0
15350,1
8124,0
13657,0
6318,0
759,0
2307,1
15034,1
7787,1
8162,1
8716,0
12424,0
13841,0
14434,1
389,0
1448,0
2226,1
2063,0
15343,0
14934,0
15979,1
3924,0
175,0
12071,1
15829,0
1574,0
6159,1
12054,0
12896,0
7889,0
1620,1
15473,1
991,1
9103,1
2695,0
6576,0
2345,0
3131,1
16460,1
13083,0
5853,1
1395,0
12336,1
4229,1
8150,0
6796,0
14318,1
5881,0
3811,0
3893,0
12334,0
7425,1
9384,0
16954,1
5475,0
2357,0
11590,0
9782,0
14037,0
14596,1
15960,1
15286,1
4723,0
14256,0
1756,0
6895,0
12643,0
4469,0
14779,1
16441,0
16276,0
12133,0
8168,0
7521,1
767,0
13599,0
879,0
10142,1
8600,0
6486,0
2885,1
16924,0
7804,1
10308,0
7710,0
6022,1
12201,0
9431,0
4309,1
1289,1
14012,0
15828,0
15180,0
6546,1
9798,1
1651,1
11366,1
3988,1
9950,1
3253,1
3556,1
8134,1
8527,0
9203,0
5132,1
9784,0
12883,0
10365,1
13200,0
6623,0
14512,0
5355,0
4483,0
7248,1
2313,0
11032,1
12986,1
5917,1
2047,0
14209,0
13354,0
4480,0
11369,0
7672,0
14584,1
13403,1
9007,1
16865,0
3420,1
10926,1
15440,1
10425,1
16977,1
16406,1
11855,0
9853,0
15922,0
9928,0
13819,0
13475,1
1435,0
2026,0
1910,0
5000,0
1498,1
5526,0
15586,0
12478,0
868,0
1164,1
126,0
795,0
11235,1
735,0
8065,1
10645,0
3682,1
11410,0
8014,0
7149,1
14243,0
9956,0
5768,0
14190,0
10632,0
16012,1
3375,1
16711,0
7645,0
1829,1
3246,0
712,1
5613,0
8484,0
5461,1
4403,1
14907,0
75,1
15943,0
15306,0
14767,1
11132,1
15426,1
861,1
1421,0
3750,1
7235,1
7259,0
2972,0
7760,0
16576,1
6377,0
3200,0
6243,1
2142,1
13789,1
945,1
6869,1
4684,0
16122,0
4979,0
7272,1
6618,0
13333,0
5712,0
12914,1
2994,0
11961,1
3506,1
16493,1
5921,1
7161,0
8400,0
10863,0
15121,0
3535,0
4003,1
11537,0
10610,0
14181,1
1543,0
16211,0
3995,0
12767,1
12456,0
8777,1
14265,0
6161,0
11362,1
10182,0
6324,0
13758,0
10719,0
6464,1
12753,1
7004,1
3267,1
11824,1
12157,0
16755,1
9552,1
4165,1
3907,0
1259,0
13303,0
140,0
1074,1
11836,0
12041,0
5001,0
6037,0
5348,1
9326,0
2861,1
6294,1
7689,0
13630,1
7175,0
15128,0
16036,0
8152,0
11890,1
8264,0
14102,0
13306,0
7311,0
996,1
12877,1
14537,0
5550,0
16321,0
15921,0
2793,1
871,0
10599,0
13472,0
11790,1
14438,1
10876,1
3675,0
8340,1
6054,1
12096,0
10283,0
3740,0
10760,0
9824,0
13332,0
3409,0
16166,1
2968,1
10913,0
14106,0
15415,0
11200,0
15269,1
1265,0
16666,0
3073,0
11622,0
5576,0
13504,1
12209,1
4459,0
6214,0
15179,1
16923,0
905,1
3048,1
4619,1
3405,1
5885,1
4296,1
9979,0
9022,1
16956,0
14728,1
5834,0
13753,0
6633,0
5876,0
1683,0
11734,0
7501,0
8856,0
12953,0
16225,0
11468,0
13985,0
9043,0
13307,0
2348,1
3431,1
9240,0
8699,0
11121,1
12186,0
7263,0
4388,0
9662,1
10612,0
12543,1
11548,0
4502,1
2309,1
1045,0
10044,0
15201,1
5381,0
15915,0
2903,0
281,0
609,0
2624,1
8477,0
13520,0
16016,0
1385,0
6226,0
14702,0
15208,0
2941,0
1993,1
5092,1
1105,0
10801,1
2042,1
12367,0
6304,1
7714,1
15965,1
9312,0
6326,0
5930,0
8840,0
12266,1
12555,0
12885,1
13862,1
2077,0
6845,0
1477,0
12252,1
14316,0
4203,0
16752,0
11565,1
1309,1
8878,1
13648,0
8374,0
11816,0
4848,0
6728,1
5794,1
7896,0
8579,1
1680,0
1464,0
13004,0
4826,0
5170,0
5263,0
14305,0
10108,0
1482,1
5299,0
2169,1
12854,0
1017,1
488,1
15330,0
8154,0
3782,1
2625,1
13203,0
675,1
16424,0
3964,0
6130,0
8422,1
9964,0
14410,0
8594,0
3561,0
8181,0
10711,0
1203,0
2139,0
11142,1
3162,0
4654,0
10797,0
13013,1
631,0
2476,0
6211,0
10467,1
7517,0
6958,0
528,0
16732,0
5045,1
8619,1
1599,0
5539,0
10212,0
12932,0
9301,0
4994,0
7891,1
14014,0
9412,0
5448,0
8944,0
4777,0
12811,1
862,0
5204,0
758,0
5459,1
11390,0
16287,0
7348,1
16154,0
2470,1
14853,0
10811,1
11022,1
738,0
7405,0
9156,1
14412,0
11317,0
10830,1
1028,0
10905,1
11588,0
938,0
1394,1
6947,0
9427,0
295,0
10906,0
2159,0
12921,0
1688,0
12353,1
4185,1
913,0
5082,0
14487,0
7341,1
1182,1
13143,0
9368,0
3870,1
9091,1
14930,1
748,0
11411,0
5168,1
13228,0
4348,0
4713,1
974,0
12780,1
1827,0
14136,0
6411,0
2074,0
13263,1
6827,0
6557,0
5602,0
1193,1
5378,1
1241,1
6199,1
8471,0
10255,1
11814,1
1087,1
9062,0
16553,0
10958,0
1000,1
14841,1
16776,0
3324,0
943,1
3108,1
1577,0
3589,0
15514,0
12778,0
12532,0
4544,1
9429,0
3460,0
7938,0
14003,0
1696,1
12006,1
11315,1
10286,1
6582,0
8587,0
2969,1
1737,1
3245,1
7395,1
4288,1
7575,0
10595,0
16588,0
5854,1
6761,0
13238,0
10104,0
4701,0
9010,1
4075,1
9795,0
218,0
8098,0
9085,1
13257,0
6521,0
16851,1
11876,1
5501,1
11553,0
3780,0
10250,1
11546,0
10878,1
6620,0
5241,0
11323,0
5835,0
12638,1
897,1
10396,0
15581,1
2495,0
3614,0
2539,1
5925,1
16756,0
12505,0
10347,1
1132,1
16571,0
13860,0
15496,1
11436,0
9054,0
16192,1
12032,0
3444,0
13320,1
10923,1
5149,1
1554,1
2557,0
14515,1
10161,0
7350,0
796,1
9484,0
4928,1
4371,1
16069,1
2323,1
3191,0
923,0
2494,1
8301,1
16988,0
9001,1
9619,1
9499,0
1476,0
3365,1
6880,0
13038,0
8599,0
13350,0
4963,0
9020,1
3760,0
5176,0
13215,0
1601,0
16551,0
13873,0
5316,1
9136,0
4126,0
424,0
7948,1
3128,0
9572,0
623,0
14457,1
3238,0
9101,1
9131,1
12893,0
3362,0
12684,0
9450,0
4850,0
12492,0
9323,1
8638,0
4846,0
5857,0
13009,0
14188,0
15277,0
15689,1
16928,1
12234,0
8310,1
16067,1
7324,1
13736,1
10395,1
3466,0
11604,0
13829,1
6205,0
4046,1
15574,0
1432,0
9614,0
14054,0
5690,0
8213,1
10380,0
1222,1
11913,0
2477,1
6934,1
1627,1
11690,1
6966,0
12283,0
3022,0
1762,1
16266,0
7357,0
962,0
8060,0
10437,1
16480,0
9291,0
3221,0
6302,0
5652,1
14642,1
10149,0
3730,0
6315,0
9799,1
357,0
100,0
7055,0
5830,0
1255,1
16040,0
11449,0
7875,1
203,0
15211,0
11363,1
3129,1
5347,1
4359,0
13078,1
9526,1
13278,0
9123,1
12050,0
7727,1
9243,1
6375,0
12172,1
16172,0
3141,1
8275,0
2089,0
2685,0
6701,1
9289,0
7318,1
598,0
7370,0
14298,0
5166,1
4782,0
9472,1
14611,0
821,0
14991,0
5545,1
9717,1
11733,0
6388,0
98,1
16091,1
16953,1
2491,0
4454,0
15789,1
12306,0
15895,1
661,0
5351,1
10524,0
11208,0
10837,1
10353,0
3057,0
4442,1
13775,0
8338,1
2465,0
16871,0
13240,1
9304,1
6697,0
15289,1
7790,1
10051,1
16449,0
13697,0
6554,0
7199,1
16038,1
16995,1
9125,1
3536,1
283,1
12438,1
2167,0
11715,0
14152,1
1963,0
8525,0
6556,0
13442,0
1847,1
1366,0
15884,0
14221,0
4471,0
13253,0
8786,0
8644,1
10105,0
14306,0
15622,0
2296,0
14150,1
8383,0
5984,1
9137,0
1860,0
5455,0
13652,0
1784,1
9162,1
10545,1
14906,0
2025,0
7404,0
6672,1
6786,0
8291,0
14249,1
6752,0
7638,0
5140,0
4340,1
16296,1
11199,1
11943,1
3320,1
10146,0
5785,1
8998,1
4643,0
8125,1
8658,0
9187,0
5326,1
16669,1
2547,1
11175,0
1949,0
13941,1
2680,0
8532,0
2185,1
9275,0
6260,1
13915,1
16167,0
6667,0
4386,1
4885,0
3424,1
6362,0
10215,0
15848,0
10555,0
11009,1
14871,0
67,0
9752,1
7205,0
11919,0
6357,1
1720,0
3848,0
9395,1
4109,1
15004,1
9183,0
7030,0
13196,0
15969,0
5183,0
4681,0
16690,0
57,0
8064,0
6029,1
8800,0
2609,0
14047,0
15173,0
10410,0
4851,0
8210,0
10571,1
686,0
8552,0
15812,1
13084,0
8681,0
7655,0
3866,1
15710,0
13122,1
9214,1
13213,0
12034,0
6106,1
4501,0
625,0
14443,0
1191,0
1592,1
12890,1
8176,1
14076,1
6832,0
3217,0
12853,1
8949,0
11458,1
8219,0
13399,0
14257,0
1711,0
6034,1
8116,0
14234,0
15730,0
7587,0
9494,1
9565,1
1923,1
12829,0
1204,1
640,0
11605,0
6492,0
8012,0
2182,0
16869,0
1344,1
2622,0
7128,1
8047,1
455,0
13019,1
2846,0
10871,1
14692,0
3049,0
2799,0
10860,1
3446,0
15564,0
4156,1
6700,0
383,0
2170,0
11828,0
13967,0
12435,0
3313,0
8460,0
7058,0
14866,1
10818,0
15174,0
12270,0
3247,1
7123,1
14390,0
16168,0
2877,1
12799,0
11566,1
6674,1
10792,1
3602,0
2459,1
10052,0
11058,0
2070,0
6489,0
4332,0
255,1
16270,1
1660,1
16479,0
4775,0
16695,1
5066,1
16806,1
5411,1
2003,1
7820,0
15225,0
8004,0
5952,0
8713,1
2804,1
2983,0
14267,0
8720,1
9917,0
9975,0
2265,0
14707,1
11007,1
5573,0
1113,1
16001,0
6549,1
3997,0
9997,1
6319,0
7544,1
1708,0
1127,0
5398,0
2821,0
8359,0
652,0
15257,1
13790,1
12344,1
2011,1
10745,1
6602,1
16657,1
4078,0
15040,1
10448,0
16897,0
5536,0
845,0
2350,0
4780,1
3887,1
2179,0
15442,1
8793,0
6345,0
13597,1
2107,1
13883,0
12666,1
62,0
4629,0
11119,0
16165,0
446,0
12960,0
15877,1
4337,1
9143,0
10482,1
14063,0
14938,1
16170,0
3035,1
1530,0
166,0
1515,0
1700,1
15019,0
7778,1
12131,1
2538,0
2150,0
12401,1
11999,1
3308,1
2200,0
13289,1
3651,0
10713,1
12118,0
16041,1
12908,0
8289,1
12333,1
4728,0
773,0
12403,0
16653,1
3234,1
1611,1
15679,1
178,1
8485,0
3844,1
7933,1
8976,1
7367,0
15119,1
16868,1
4076,0
11108,0
9856,0
13616,0
13845,1
8968,1
12329,0
3796,0
7930,0
10443,1
6449,0
8312,0
6471,0
10122,0
12227,0
188,0
6498,0
6831,1
11725,0
5245,1
14912,0
4766,1
7481,0
5432,0
14816,1
8689,0
2883,1
16185,0
7115,1
12272,0
10517,1
14402,1
16046,0
10579,1
11641,1
10516,0
2984,1
7124,0
13346,0
8352,0
2400,0
14351,1
12223,1
12425,0
13580,1
2135,1
15980,0
14409,0
910,0
9908,0
14319,0
3187,1
14624,0
15582,1
16903,1
11964,0
16085,0
16708,0
8103,0
400,0
15265,0
10828,0
3966,0
8077,0
908,0
16253,0
6959,0
10514,1
5608,1
8137,1
7598,0
4602,1
7675,0
2724,0
13787,1
1398,1
15044,1
15762,0
15097,1
6573,0
3787,0
12467,0
11371,0
3969,0
8173,0
2438,0
12293,0
3165,1
11475,1
5868,1
11285,1
1778,0
16919,1
15607,1
860,0
3361,1
11354,0
12199,0
6738,0
220,1
11304,0
14251,0
1741,0
5762,0
14989,1
2797,0
12760,1
5554,0
13628,0
10258,1
10547,0
15367,0
3095,0
13361,1
10068,1
11682,1
8114,0
14172,0
14581,0
14529,0
8404,1
7218,0
9025,1
8436,0
7673,0
1918,0
14321,1
15871,0
3629,1
8202,0
7187,1
14687,0
1833,0
10929,1
874,1
12356,1
3214,0
12515,1
15152,1
16034,0
7728,0
16811,0
8965,0
4873,0
16298,0
937,0
6263,0
10541,1
438,0
8641,1
11506,0
939,1
6030,0
13081,0
9294,0
11025,0
10845,0
6383,0
10917,0
4546,0
3219,1
9469,0
13460,1
13548,0
9946,0
4449,1
3394,0
15358,0
3227,0
2479,0
16083,1
1227,1
1437,0
9242,1
7265,0
2664,0
4807,0
2823,0
5318,1
9692,1
11376,0
12863,0
9014,0
8701,0
16472,1
16090,1
4996,0
1346,1
12360,1
2989,1
4335,0
13882,1
2508,0
7594,1
13581,1
637,1
16230,0
2702,0
13220,0
1151,0
12013,0
232,0
4065,0
14869,0
3739,0
13735,0
4916,0
16294,0
3288,1
14230,0
5506,0
14192,1
14067,1
3430,1
16614,1
431,1
1497,1
16745,1
7138,0
14957,0
7097,1
912,1
3703,1
11343,0
15553,1
15918,0
5460,0
7262,1
4333,1
11284,1
4261,1
10757,0
6254,0
14685,0
7234,0
5738,1
5099,0
4152,0
14400,0
13158,1
4983,1
1550,0
11766,1
12115,1
11351,1
14888,0
12660,1
4001,0
2279,0
12243,0
3607,1
7442,1
13984,0
1210,0
727,0
12529,1
2162,0
11341,1
6785,1
13210,1
911,1
12704,1
11153,0
710,1
14948,1
12721,0
5145,1
5647,1
550,0
2816,1
7294,1
16461,0
10722,0
16975,0
1039,1
14594,1
11483,0
11308,1
3153,0
3657,0
4912,0
10117,0
2771,0
14332,0
16532,0
16071,1
14513,1
2500,0
4375,0
8929,0
9939,0
3594,1
16670,1
2195,0
4216,0
2126,0
15413,1
16116,1
15061,0
5222,1
2252,0
16431,0
14376,0
3441,1
13250,0
831,0
1795,0
500,0
2603,1
3307,0
9862,0
11052,1
14111,1
13679,1
3889,0
10530,0
3795,0
4101,0
13425,0
12466,0
14025,1
2291,0
8943,0
15988,0
16771,1
9767,0
9722,1
4530,1
14534,1
3696,0
2857,1
13372,1
14927,0
16895,0
1640,1
14011,0
873,0
6448,0
3679,1
14600,1
4341,0
2422,0
11533,0
275,1
10261,1
12112,0
3847,1
1304,0
4914,0
3411,1
11918,0
3625,0
15556,1
3553,1
7899,0
16862,0
15462,0
14840,1
5638,0
16342,0
6693,0
990,0
2102,1
16326,1
12143,1
15720,0
546,0
6788,0
3738,1
9542,1
11273,0
9146,0
5024,0
5009,1
13942,1
2061,0
16800,1
12351,0
16634,0
777,0
11880,0
1570,0
16908,1
10253,1
1020,1
9215,0
12865,0
2529,0
3922,0
7028,1
10176,0
7543,0
16282,0
15503,1
10213,0
6921,0
6366,1
16810,0
15847,0
810,0
1877,0
12120,0
5314,0
10950,1
6806,0
6025,0
13848,0
14034,1
12046,0
14870,1
14121,0
4097,0
1977,1
4043,1
7400,0
4842,0
11113,0
266,0
14789,1
16549,0
5503,0
1766,0
8553,0
7002,1
3537,0
3268,0
10222,1
10205,1
6009,1
1630,1
7633,1
14587,0
13874,0
4829,1
117,0
7088,0
14460,0
13958,1
1878,0
1746,0
10382,0
4013,1
4719,1
5770,1
9518,1
7451,1
4729,0
5831,1
11023,0
16633,1
2213,1
2856,0
6717,0
3572,0
4792,1
12961,0
4422,0
1820,1
15961,0
12362,1
5895,0
15523,1
15731,0
5843,1
3582,1
7005,0
9501,0
3742,0
5585,0
5,1
3550,0
3753,0
9599,0
2103,0
1326,1
13092,0
2568,1
11151,0
6638,0
14277,1
16376,1
10432,0
5805,1
13640,1
9641,0
10550,1
14634,0
4214,0
11276,0
728,0
16082,1
9468,1
6890,0
8785,1
976,1
2859,1
212,0
16093,1
10626,1
9984,0
4746,1
12611,0
6313,0
11429,0
8538,0
14163,1
14549,1
262,0
13129,1
11997,0
9670,0
4778,0
11046,1
9071,1
10776,0
11619,0
14903,0
2001,0
10115,0
3521,1
362,1
16333,0
3031,0
8910,0
4219,0
2527,0
6099,0
2515,0
7863,0
7965,0
7881,0
10187,1
16421,1
9802,1
1759,0
11267,1
8861,1
9076,0
12808,0
2688,0
5127,1
12090,1
16210,1
9232,0
4790,0
15736,0
1117,0
15023,0
12395,0
14010,1
5634,0
8190,0
9094,1
15775,1
4965,0
15694,0
9792,0
1043,0
6909,1
16899,0
8315,1
14931,0
14733,0
8721,1
11599,1
13410,0
3033,0
7399,1
10576,1
1342,1
16734,0
12315,0
5788,1
3081,0
11662,0
15752,0
14570,0
9420,0
2939,0
9636,0
2399,0
15717,0
7317,0
15185,0
13115,0
12806,0
13634,0
10080,0
14834,0
15104,0
1866,1
11417,0
16860,0
5722,0
16793,1
6169,0
14974,1
7898,0
9197,1
9834,0
3077,1
11002,0
5319,0
9310,1
4787,0
16760,0
15010,1
10728,0
16835,0
3470,0
11272,0
3428,0
301,1
15643,0
6124,0
8877,1
1823,1
1999,0
15780,0
5944,0
3790,0
6548,1
12330,1
3557,0
14201,0
6572,1
7127,1
7569,1
4272,0
10492,0
16515,0
10148,0
8165,0
10384,1
14689,0
10698,0
11844,1
1540,0
8144,0
2100,0
8445,0
1186,1
11693,1
8872,1
11579,1
1444,0
4972,0
4224,1
13155,1
15777,0
13558,0
10746,1
4147,1
4472,0
8640,1
14391,0
13483,1
15702,1
9441,1
11050,1
12864,0
14575,0
2015,0
15372,0
12125,1
2975,0
8928,0
3342,1
8513,0
173,0
7291,0
1934,0
3163,1
2163,0
9148,1
10649,1
15725,0
1669,0
11340,0
9506,1
3454,1
10566,0
464,0
4615,0
11624,0
9870,0
8032,0
3507,0
7809,0
15364,0
14379,1
6065,1
5651,0
5546,0
15252,0
10487,0
14397,1
16805,0
15779,1
15740,0
6907,1
8189,0
14091,1
9874,0
10637,1
3036,1
9253,1
8048,0
12747,1
1244,0
13057,1
10414,0
10415,0
10180,0
9086,1
2349,0
10220,0
4578,0
11856,1
14070,1
15741,0
2128,0
1240,0
2453,0
12591,0
4993,0
7476,0
10705,1
7407,1
15063,0
5630,1
15251,0
12269,1
1333,0
12550,0
3961,1
2075,0
13746,0
11096,0
3709,0
11205,1
14066,1
2203,0
6839,0
8274,0
16148,0
13523,0
7041,0
13930,0
9690,1
14156,0
12097,0
7957,1
13141,0
5268,0
6349,0
961,0
6072,0
3117,1
12163,1
16048,0
7483,1
15190,0
12994,1
1029,1
9985,0
14668,0
15996,0
5373,0
2251,1
10588,1
2072,0
7866,0
12160,0
15913,0
6409,1
2974,1
6290,1
1022,0
4452,0
2776,1
16807,1
4067,0
2081,1
3719,0
14295,1
286,0
5072,0
15345,0
12651,0
16531,0
10366,0
619,0
13997,0
4009,0
3639,0
14744,0
2101,1
11294,0
11985,1
16822,1
15611,0
12995,0
14036,1
5216,0
8975,0
1915,1
8085,0
14261,0
1690,0
6914,0
10452,0
6993,1
2136,1
3414,0
8435,1
16277,0
5249,0
2708,1
2049,0
12394,0
7663,0
12417,1
13104,0
5028,0
774,0
11938,1
7513,0
3164,0
6774,1
16386,0
2502,0
13778,0
10067,1
11571,0
3171,0
5159,1
11466,1
12354,0
14510,0
793,1
14579,0
7358,0
732,0
8292,0
11864,0
8373,1
2895,1
6881,0
2524,0
47,1
3328,0
13465,0
11493,1
1894,0
9231,0
8379,1
6650,1
11817,0
6329,0
4037,0
15245,1
9927,1
10963,0
2830,1
12992,0
9858,1
15745,1
16984,0
1475,1
15479,0
9903,1
752,0
2811,0
12502,1
7020,1
5328,0
8842,0
2013,1
13048,0
12602,1
16084,0
5361,0
14450,0
12210,0
15495,0
10921,0
9543,1
3728,0
2765,0
9383,0
566,1
8498,1
11443,0
5281,0
11469,0
6720,0
1166,1
235,0
12631,1
10721,0
4468,1
26,0
806,0
71,0
7143,0
10607,1
11798,0
7632,0
8068,0
3718,0
5671,0
6893,1
6109,0
14667,0
13030,0
1928,0
2449,0
14103,1
10272,1
16854,0
9658,0
4706,0
1114,1
4034,0
9104,0
6453,0
13385,0
9375,1
907,0
12332,1
11941,1
7816,0
4051,0
12205,0
3592,0
14784,0
7290,0
6984,0
16105,0
2600,0
3318,0
4980,0
2632,0
5894,1
13326,1
6332,0
3837,0
6391,0
10572,0
666,0
6688,0
4682,0
15629,1
16243,0
8664,0
5392,1
16221,1
15268,0
9510,1
355,0
13369,0
4937,0
1970,0
9351,1
289,1
8305,0
14060,0
3877,0
12848,1
12685,0
14717,0
13026,0
5110,0
5037,0
10346,0
14686,0
9708,0
11841,0
1062,0
9554,0
12512,1
9064,1
5860,1
3867,0
13919,1
583,0
13609,1
14133,0
3662,0
15092,0
12922,1
12355,0
6941,0
7418,1
11377,0
6368,0
679,0
1225,0
944,0
14248,0
15680,0
15145,0
136,0
3783,0
965,0
823,0
8084,0
13074,1
16398,1
3778,1
6026,0
1038,0
8535,1
4529,1
10183,0
2488,0
2888,0
16444,1
11914,1
12304,0
11810,0
1106,1
5074,0
12405,0
11437,0
16015,0
5737,1
14633,0
2665,0
16248,0
14199,0
10624,1
7375,0
14408,0
15534,0
6662,1
13989,1
14274,0
7193,0
3261,0
3190,0
8962,0
14509,0
14532,0
9941,0
3977,0
116,1
4232,0
245,1
13119,1
14418,0
6442,1
2569,1
10179,0
15907,0
6569,1
7880,1
1456,1
12067,0
15949,0
15363,1
14218,0
5051,0
12388,1
9683,0
9564,0
12237,0
276,1
5402,1
6300,0
15781,0
13993,0
6459,1
7221,0
11509,0
16596,1
2286,0
14173,0
1134,0
1903,1
4135,1
10282,1
14695,0
2490,1
3856,0
15240,0
6903,1
7472,0
6491,0
15765,1
358,1
8828,0
7075,0
16581,0
1390,0
7482,0
3421,1
16987,0
16804,0
1275,0
3805,1
6102,0
2689,0
11221,0
12242,1
4175,1
895,0
16358,1
5604,0
2869,0
10544,0
14564,0
13556,1
15164,1
16512,0
15982,1
4757,1
167,0
4000,1
481,0
10822,0
9174,0
13624,0
3609,0
9538,1
16922,1
14877,1
12320,0
15498,0
13236,1
9184,0
3134,1
12235,1
8212,1
13435,1
11331,1
1992,1
2743,0
12255,0
4521,1
11657,0
1597,1
14021,0
7106,0
14282,0
1343,0
11295,1
9721,0
650,0
11544,0
307,0
790,0
7780,0
10946,0
1426,0
5645,1
3605,0
205,0
15623,1
1682,1
8938,0
13376,0
11329,1
11861,0
3509,1
11931,0
7992,1
2769,1
6882,0
84,1
12012,0
8197,0
14141,0
11609,1
4685,0
8330,1
12563,0
10605,0
10948,1
3436,0
13451,0
14262,0
94,1
16921,0
10189,0
2581,0
7746,0
8822,1
14494,0
6979,0
15526,0
2214,0
8702,1
14986,1
9023,0
10236,0
16405,0
12694,0
1208,0
5267,1
9763,0
6151,0
14028,0
12470,1
14520,1
13818,0
8639,0
2532,1
11461,0
6227,0
1322,1
12546,1
1881,1
5740,0
15346,1
14317,0
16861,1
10069,1
10422,1
11231,0
503,1
4734,1
8449,1
682,0
4355,0
2528,1
14506,0
16920,0
9212,0
7474,0
10174,1
3088,0
10349,0
13928,0
668,0
11637,1
8900,0
1084,1
15572,0
3573,0
11014,1
16926,0
4689,0
3523,1
14569,0
6904,0
14001,1
237,1
194,0
11529,1
4295,0
12656,1
12923,1
4961,1
324,0
2838,0
4024,0
10936,0
13028,0
14697,0
1535,0
14258,1
11079,1
1724,1
1628,0
4121,0
10440,0
8957,1
11840,0
4080,0
13629,0
14144,0
15932,0
10116,1
8090,1
11206,1
6273,0
9804,0
2201,0
7478,1
9830,0
11973,1
4172,0
13903,0
5362,1
12408,0
9266,1
9577,0
4899,0
3528,0
11769,1
13512,0
4927,1
3100,1
11118,0
1773,0
11818,0
7923,0
5252,0
2253,0
1527,1
3668,0
4290,0
12929,0
16314,0
11127,1
296,0
11614,0
3462,1
9667,1
1792,0
10777,1
4752,0
12441,0
3628,1
11003,1
15278,0
1291,0
15205,0
8341,1
8598,0
11177,0
15903,0
13003,0
9646,1
7137,0
12897,0
6646,0
11607,0
8652,0
2311,0
5656,1
4976,0
1121,0
4401,0
6605,0
7941,1
9673,1
5428,0
1330,0
7693,0
6154,0
15361,1
692,1
14883,0
13886,1
8559,0
5076,0
12578,0
6450,0
7141,1
3806,1
572,0
2489,0
5395,0
12026,0
16847,1
70,1
14385,1
15352,1
11241,1
12361,0
9800,0
662,0
12983,1
502,0
9017,0
7373,1
6181,0
11138,0
2324,1
1467,0
8126,1
15536,1
2176,0
15874,0
16709,1
11794,0
10675,0
16834,0
8249,1
10461,1
12564,1
15454,1
6805,0
14100,0
13089,0
11274,1
2701,0
14260,1
8375,1
5352,0
13229,0
5167,1
15619,0
16139,0
13954,0
6515,0
8585,1
5667,1
11521,0
7371,0
8833,1
5864,1
9815,0
6036,0
9937,0
7647,0
4695,0
4327,0
10218,1
9492,0
5955,0
13297,0
3841,1
16723,0
4014,0
1324,0
1310,1
5905,0
4064,0
15551,0
10129,1
1367,0
11398,1
11482,1
4725,1
8348,1
1603,0
6177,1
664,1
10531,1
16969,0
123,0
5363,0
14204,0
16288,0
4943,0
14573,0
5485,1
13152,0
46,1
2458,0
4539,1
4299,1
8622,1
989,0
5399,0
8272,0
5997,1
4464,0
4242,0
11638,0
3542,1
16610,0
13566,0
3641,1
9348,0
9030,0
15089,0
14964,1
4413,0
10654,0
13756,0
10999,0
617,0
12088,1
2894,1
2552,0
3283,1
5184,0
2387,1
11150,0
15493,1
2718,1
9134,0
1717,0
12692,1
2841,0
6323,0
7757,0
15131,0
5490,0
12298,0
16393,0
15081,0
10201,0
4935,1
2115,0
6427,0
2921,0
15664,0
1279,1
1306,1
111,1
11666,1
5702,0
16487,0
779,0
2056,1
10132,1
11251,0
14449,0
9034,1
7250,0
13749,0
1953,1
3195,1
6614,0
8265,1
6202,1
1149,1
2623,1
4086,0
7436,0
7396,0
14375,1
3196,0
13114,0
1916,1
744,1
5290,1
13816,0
13788,0
10665,1
8238,1
12560,0
16598,0
1569,1
8819,0
2392,1
5776,0
10535,1
4143,1
1192,0
8942,0
433,0
7859,1
4082,0
3937,1
10078,1
10298,1
14629,0
7815,1
6092,1
11330,1
11996,0
5248,0
10590,0
14127,0
5360,0
325,1
3967,1
15221,0
3471,0
5419,0
9057,0
9595,1
13219,0
2736,1
15970,1
4571,0
10336,0
15279,0
16873,1
11197,0
518,1
3440,0
8970,0
4183,0
9026,1
3903,0
1925,0
12109,0
8369,1
8546,0
12392,0
15841,0
15517,0
8342,0
16008,0
1199,1
16450,1
6864,0
9779,0
11635,1
5480,0
11507,0
8486,0
14656,0
4639,0
16863,1
12083,0
345,0
8953,0
6730,0
16663,1
10435,0
11617,0
4023,0
10786,0
14832,1
13949,1
3876,0
13838,0
3021,0
3683,0
15698,0
2728,1
15570,0
11387,1
4170,0
13164,0
9819,0
16380,0
7724,0
8010,0
247,0
5916,0
12837,0
8888,1
8073,0
2436,0
6519,0
13453,0
13287,1
10092,1
10858,0
12624,1
13926,1
4855,0
4604,0
9821,0
1196,0
6481,1
14805,1
2782,0
10323,1
16322,1
681,0
5343,0
7523,0
1802,0
14423,0
6669,1
7409,0
6424,0
2601,1
7132,1
11220,0
3286,0
8930,0
11763,0
8590,1
14211,0
1201,1
14058,0
2190,0
11117,1
15050,0
4887,1
9233,0
16365,0
7072,0
4420,1
6435,1
3486,0
12522,0
16233,1
12826,0
8214,1
13146,0
4237,1
505,0
11791,1
16927,0
9788,0
5873,0
14747,0
10290,1
5986,0
15706,0
4651,1
144,0
8468,1
9409,0
13530,0
198,0
16637,0
7270,0
2044,0
12647,0
16737,1
10580,1
13182,0
7083,1
5627,0
9889,1
11593,0
5444,1
16942,1
3295,0
12451,0
14646,1
7108,1
2807,0
9352,1
3836,1
1998,1
15463,0
2598,0
7936,1
8309,0
10313,1
8432,0
2472,1
15515,1
14716,1
1120,0
16482,0
3109,0
9663,0
10434,0
10111,0
1757,1
2550,1
3403,1
632,1
11407,1
7752,0
9336,1
10767,0
6664,0
3640,1
3829,1
3224,1
8266,0
10367,0
1806,1
1243,1
2567,0
3888,0
8606,0
9058,1
16244,0
3099,1
13205,0
10806,0
872,0
16764,1
10025,1
9726,1
1566,1
11320,0
6070,0
8789,0
134,0
11960,0
6403,0
3062,0
3075,1
10184,1
3732,1
12321,0
6707,0
16471,0
9632,0
15018,0
11549,1
7878,1
6981,0
7734,0
8505,0
8459,0
12202,0
4817,0
8796,0
11339,1
5666,0
14822,1
8491,1
5880,1
8733,0
9549,0
7080,1
1140,0
15796,0
3890,0
9921,0
9000,0
3850,1
12934,0
8512,1
12025,0
12928,0
8623,1
16283,1
13678,0
1598,0
1644,0
12308,0
15215,1
8991,1
7833,1
7705,1
6648,1
15412,1
413,0
4313,1
1914,1
4724,0
8389,1
5163,1
8522,0
14115,0
11374,0
13032,1
11137,0
35,1
9849,0
10727,1
16961,1
2339,1
10877,0
14973,0
9796,1
14112,0
1146,0
15670,0
9606,0
9811,1
10465,0
1027,1
9980,0
1799,1
6110,1
4795,1
14521,0
7133,1
7444,1
4095,1
3665,1
15109,1
15433,0
15228,0
11029,0
14862,0
11256,0
8054,0
69,0
16794,1
7134,1
12211,0
10668,0
1424,1
3029,0
9760,1
6371,0
4318,0
5397,0
9527,0
8523,0
7626,1
4698,0
10625,1
61,0
14107,0
2560,0
4140,1
16907,0
4565,1
14208,1
11334,1
11230,0
14720,0
4548,1
2762,0
4932,0
12184,0
14905,0
16830,0
4931,1
12860,0
453,0
3061,1
13878,1
12343,1
10061,1
14920,0
1968,0
9361,0
10194,0
9443,1
13853,1
4370,1
13606,1
15798,0
9639,0
1098,0
10552,0
4020,0
4522,0
10770,1
6691,0
8735,0
2261,0
559,0
16603,0
13137,0
4849,0
4085,0
9061,1
6783,1
8259,0
5660,0
6006,0
5610,0
5476,0
11039,0
4781,0
4490,0
16720,1
5226,0
12464,1
16222,1
16635,0
9500,0
10159,1
1194,0
8810,0
16173,0
11771,1
3090,1
5577,0
405,0
12729,0
3965,0
5726,0
6867,0
1003,0
4888,0
15246,0
8773,0
4542,0
1135,1
9209,0
13825,0
3275,1
9817,1
14966,0
14371,0
4209,0
1147,0
7117,0
7112,0
2012,0
10175,0
6974,0
7052,1
10265,0
39,1
2425,1
6590,0
8489,1
2865,0
1685,0
6799,0
770,1
13404,1
10650,0
5250,1
1656,0
6295,1
2457,0
959,0
7213,1
8372,0
7450,1
2299,0
16077,0
5232,0
12614,0
5748,1
9398,1
10922,0
15881,1
8440,0
15054,0
6987,0
15021,1
5463,0
6534,0
3367,1
8136,1
16517,1
7854,1
9388,1
16951,0
3645,1
8063,0
13135,1
7756,0
13507,0
9843,1
10536,1
8253,0
13963,1
5567,0
3566,1
16628,0
5227,1
9912,0
816,0
3043,1
9584,0
6946,1
13055,0
7539,1
16305,0
11439,1
6073,0
2268,1
4844,0
7961,0
9269,1
7742,1
14330,1
15975,1
3495,0
11456,0
16991,1
5494,0
13834,0
6287,0
4334,0
14750,1
16736,1
12346,1
12577,1
15898,0
4273,0
698,0
3297,0
7681,0
14928,1
10902,1
10048,0
10223,1
4672,0
15773,1
4810,1
12757,0
16615,1
15883,1
12779,0
1005,1
7274,1
1341,0
4025,0
7811,1
11881,1
4692,0
6165,1
12192,0
12386,1
15978,0
6312,1
12610,0
4106,1
7855,0
3631,0
14280,0
8889,1
15253,1
2220,1
4470,0
621,0
9008,0
13952,1
11709,1
14004,0
3538,0
2794,1
13209,0
7535,0
12350,0
12042,0
3747,1
16703,0
13208,0
8627,0
13937,0
14131,0
5786,1
2008,0
7870,1
2913,1
5221,1
11454,0
14641,0
15062,1
16972,0
13082,0
9350,1
11640,0
1750,0
14676,1
11735,0
14932,1
6721,1
13951,0
10407,0
12169,0
9481,0
16880,0
16318,0
7709,1
555,1
12410,0
200,0
2016,0
6551,1
11342,1
259,0
5277,0
6285,0
10227,0
9532,0
4562,0
13931,0
14291,0
3567,1
3621,0
5206,0
6713,1
14837,0
3006,0
13488,0
14557,0
3188,1
10339,0
3748,0
16163,0
2474,0
12634,0
14039,0
12528,0
2475,1
7550,0
7994,0
13218,1
1861,0
5715,0
2814,1
12348,0
3018,1
9333,0
7429,1
3943,1
3508,0
1057,1
13373,0
15739,0
6397,1
7284,1
4771,1
5423,1
6093,1
274,0
3455,1
13190,0
14949,0
10131,1
2951,0
5306,0
7426,0
6261,1
15912,0
11887,0
401,1
11560,0
4369,0
1794,0
10259,1
14479,1
2228,1
549,1
8051,0
1006,1
9630,0
10671,1
5670,1
6676,0
2036,0
373,0
15376,1
8097,1
15657,1
12570,1
15548,0
297,1
12627,1
56,0
16529,0
1040,0
8184,1
12175,0
14194,0
4861,1
13812,0
1613,0
14889,1
4632,1
4277,0
4835,1
3449,1
4938,0
13174,0
10101,1
13731,0
14868,0
11358,0
6408,1
8936,1
12875,1
15197,0
12545,0
7411,0
8057,1
12198,0
5825,0
7257,0
1397,0
1729,0
15836,0
12419,0
6716,0
16352,0
9038,0
10927,0
14416,1
14090,0
9334,1
10399,0
16688,1
13170,0
7822,0
843,0
11425,1
2784,0
12720,0
6630,0
2555,0
9405,1
16336,1
1170,0
1824,0
9806,0
6355,0
13875,0
15826,1
1249,0
6346,0
13183,1
4226,0
1422,0
10340,1
3580,1
13099,0
6426,0
5380,0
7765,0
5927,0
10486,1
14872,0
5396,0
8899,0
5118,1
2245,0
1635,1
5220,0
16686,1
3456,0
2249,0
7226,0
368,0
11803,0
15147,1
8362,0
10091,0
1032,0
3803,0
14719,0
13151,0
16476,0
9340,0
11805,0
8563,0
13607,0
3301,1
14018,0
14009,0
16831,1
7343,0
9837,1
14237,1
9414,1
15805,1
1041,1
10097,1
7642,0
8406,0
4534,1
10400,0
2643,0
3910,0
9009,1
4150,0
7260,0
327,0
5865,1
12233,1
6420,1
16057,0
4551,0
6402,1
7084,0
16157,0
1236,0
4948,1
13747,0
10133,1
9268,0
4408,1
11749,1
3494,0
6756,0
3373,0
2473,0
13916,0
15135,1
13147,0
13650,1
3276,0
14737,1
13489,1
12106,1
5173,1
10741,0
427,0
6517,0
5067,1
9330,0
1716,0
3851,1
5600,0
5915,0
6160,0
5537,1
9102,0
3608,0
12132,0
4738,0
1958,1
647,0
8096,0
11431,0
10832,1
7010,1
11845,0
12839,1
15332,0
11066,0
6146,0
14139,0
377,1
16889,1
16725,1
5512,1
16426,1
9766,1
6086,0
16593,0
16420,1
16739,0
13391,0
16158,1
13388,1
8294,1
9115,0
1418,0
10641,1
11942,0
11313,0
11430,0
1523,0
14831,0
8604,1
15896,0
8347,0
1664,0
13127,1
8787,0
12556,0
11629,1
2096,1
3768,1
3166,1
3144,0
8195,1
11465,0
9317,1
15948,1
6994,0
5682,0
8648,0
4536,1
13957,0
14743,0
4500,0
6055,0
8302,1
10036,1
2879,0
10855,1
6209,0
1410,1
11328,1
4,0
11167,0
15857,0
5626,0
1190,0
7683,1
13392,0
10697,0
2452,1
5640,0
14289,0
9223,1
3882,0
12404,0
8758,0
9691,0
12164,0
11348,0
239,0
6671,1
1332,1
606,0
8666,0
11639,0
1667,0
9571,0
2087,0
2282,0
15868,0
16692,0
3544,0
8384,0
1035,1
8252,0
7610,0
12648,1
14415,1
5466,0
1548,0
10829,1
854,0
14195,1
11653,1
250,1
9831,0
3815,0
2699,1
4637,0
14558,0
10563,1
11979,0
1487,0
15064,0
9970,1
4707,0
15483,1
8516,0
5874,0
6933,0
3269,1
3325,1
13351,0
2467,1
14785,0
12267,0
2750,1
4945,1
38,0
15120,0
1939,0
8616,0
4884,0
12294,0
1633,1
11615,0
11755,1
11270,1
16463,1
14643,0
11111,0
16049,0
3080,1
5015,0
16341,0
9898,0
7905,1
13214,0
13927,0
8223,0
534,0
765,1
2073,0
14056,0
207,0
12365,1
369,1
13725,1
3042,0
4397,1
6607,1
15302,1
4451,0
3571,0
7570,0
1851,0
12797,0
7461,0
6731,0
5765,1
14239,1
7219,1
7717,1
4398,0
10231,1
9751,0
10136,0
8540,0
6373,1
4727,0
5177,0
8647,0
13986,0
10039,0
5814,1
1814,1
3953,0
3921,0
16971,0
10969,1
12959,1
7496,0
5932,1
10879,0
7643,1
16569,0
791,0
2901,0
800,1
6007,0
10278,0
5100,1
14763,0
5190,0
10211,0
3990,0
15051,0
2020,1
7094,0
320,1
5827,0
10887,0
1745,1
8268,0
14963,0
8334,0
3097,0
4256,1
16832,1
2986,0
10130,0
4871,0
5285,0
10012,1
11916,0
2250,0
7494,0
6045,0
15059,0
15677,0
1880,0
929,0
4054,0
8826,0
8215,0
2113,0
9475,1
5869,1
15947,0
1386,1
10546,0
16608,0
11654,0
560,1
3317,0
1662,0
15354,1
432,0
6168,0
1018,1
11384,1
2076,1
7823,1
13368,1
9296,1
13905,0
14217,0
11751,0
7617,1
16989,0
2129,0
9668,0
8081,1
1399,0
9467,0
8947,0
2637,1
15425,0
5091,0
14561,1
1899,0
1340,1
15499,1
292,0
5745,0
6826,0
11335,1
10551,0
15563,1
2607,0
16715,0
2922,1
13540,0
14527,0
11263,0
2069,0
6539,0
5387,1
15497,0
2805,1
10569,1
16538,1
9580,0
4628,0
14683,1
1576,1
535,0
2639,1
12884,1
10725,0
15923,1
3788,0
3003,1
5210,1
9940,1
7882,0
5471,0
10771,0
5283,0
2206,1
6622,0
12744,0
4625,1
8254,0
11872,0
7653,1
7593,0
13046,0
8684,0
14635,0
4791,0
4660,0
950,1
9488,1
2141,1
4886,0
6197,0
6233,1
3287,0
3065,1
6928,0
11871,0
3400,0
12099,1
10291,1
10316,1
14858,1
11455,1
13802,1
16197,1
10050,1
4057,0
8740,1
614,0
16518,1
7648,0
6433,0
12639,0
6014,1
4081,0
10285,0
947,0
8999,0
15992,1
847,0
10018,0
8006,0
6292,0
15842,0
3113,0
14087,1
15058,0
11895,0
5349,0
16910,0
10709,1
2417,0
11944,1
12622,0
7229,0
3694,1
5133,0
5020,1
4306,1
7792,0
10854,1
9516,1
10063,0
3398,1
543,1
8455,0
5796,1
636,0
12487,0
11190,1
12501,0
14566,0
459,1
16375,1
12615,0
477,1
5887,1
16513,1
11953,0
16269,0
348,0
11128,0
12432,1
14352,0
12641,0
16595,0
988,1
10375,0
2014,0
15962,1
7414,1
12763,1
4416,0
15671,1
16858,0
4050,0
15852,1
15443,1
12766,0
5228,0
10502,1
2288,0
10241,0
891,0
337,0
4133,1
14821,1
3051,1
4676,0
14604,0
13627,0
5083,0
12993,0
3676,0
224,1
11055,0
12913,0
11869,0
11244,1
12650,0
2959,0
9536,0
7322,0
8496,1
9344,0
4363,0
5758,1
14618,0
5068,1
1238,0
2247,1
15580,1
6100,1
8456,1
16559,0
2952,0
6015,0
15825,1
15276,1
15862,1
3519,0
4924,0
4580,0
1108,0
11595,0
14236,1
8481,0
9498,1
10640,1
6591,1
7713,0
13487,1
10557,0
9249,1
10026,0
15930,1
11613,1
12212,1
16108,0
395,0
1538,0
8279,0
10862,1
5275,0
4041,0
16301,0
13619,0
12916,0
11228,1
14650,0
14242,1
14465,1
16622,1
13938,0
11422,0
7001,0
14672,0
6135,1
16821,1
3482,0
13956,1
11129,0
14937,1
13549,1
5379,1
8016,0
12015,1
9245,0
11542,1
11823,0
13259,0
4032,1
6225,1
4600,0
14769,1
12769,1
227,0
16882,0
4977,0
2108,1
1726,1
3138,1
16819,0
12755,1
12069,0
9461,0
15451,0
3653,0
14389,0
16474,0
3729,0
11505,0
12319,1
16765,0
13615,0
514,0
50,0
336,0
12549,1
15958,0
16433,0
2542,1
15375,0
6399,0
6589,1
7887,0
7770,1
969,1
12340,0
801,0
1350,1
10631,0
6115,0
11750,1
156,0
6353,0
11333,1
12248,1
3928,0
6462,0
2933,0
11349,0
1037,0
8924,1
10409,1
6755,0
1974,0
922,0
8380,0
14583,0
4762,1
15310,1
10889,1
6938,1
7495,0
13880,1
15281,1
15382,1
13522,0
11074,1
12182,0
7779,0
229,0
1161,1
2043,0
1320,1
13300,1
818,1
4710,1
4489,0
4343,1
6063,0
1721,0
11741,0
12625,1
7893,0
7644,0
8281,1
4992,0
2258,1
14222,0
3878,0
11608,1
4048,0
10606,0
5070,1
3237,0
12794,1
9168,1
9597,0
1855,1
16917,1
11265,0
2327,0
14224,0
11027,0
8979,0
2166,0
11892,0
2574,0
11905,1
6047,0
11726,0
6660,1
523,0
4062,0
1897,1
10847,0
4560,0
3175,0
7652,0
4896,0
253,1
2862,0
1904,0
15232,1
8407,0
12100,0
13701,1
8544,0
904,1
12271,0
6598,1
11570,0
2874,1
7243,1
5039,0
15830,0
5012,1
5236,0
14094,1
12068,1
6363,0
12967,0
1594,1
1893,1
6830,0
11283,1
12841,0
10064,0
889,0
15990,1
10534,0
1787,0
14297,1
12465,0
10284,1
15508,0
12148,1
13061,0
8859,0
2593,0
4389,1
2842,0
16629,0
14420,0
8705,0
4112,1
14478,0
16602,1
10532,0
16125,0
11271,0
16563,0
4910,1
7735,0
11655,0
11034,0
576,1
15210,0
13531,0
196,1
1936,1
10701,0
16879,0
5544,0
9775,1
6217,1
13772,1
5405,0
9967,1
9996,0
12080,0
1561,0
10764,0
1885,1
12073,0
6817,0
1014,0
11636,0
14333,1
8370,0
10014,0
13096,0
4528,1
4658,1
1065,1
4904,0
13908,1
16548,1
16475,1
15519,0
5524,1
8102,1
13049,1
5305,1
183,1
2211,0
16685,0
15858,0
892,0
2298,0
3909,1
10714,0
14023,0
3316,0
2192,1
4271,1
5749,1
2121,0
12098,1
6187,1
13918,0
10256,0
11277,0
16818,1
13379,0
9154,1
811,0
4366,0
5870,0
10851,0
6973,1
14042,1
10094,0
10629,0
13524,1
9504,0
7136,0
9314,1
15753,0
11981,0
8760,0
12969,1
5998,1
6553,0
13656,0
3560,0
14033,0
9279,0
14696,1
6540,0
9634,0
2931,1
5654,0
11852,0
7909,1
16427,0
1658,0
12968,1
13193,0
8282,0
4496,0
13162,1
6445,1
7503,0
11043,0
14745,1
313,0
16129,0
15952,0
2071,0
314,1
3896,0
15675,1
3293,0
16894,0
5568,0
2157,0
11059,1
4900,0
7131,1
3457,0
16886,0
6542,0
91,0
4382,1
4563,0
1036,0
7914,0
2548,0
11146,0
1453,0
12108,0
972,0
4320,0
10617,1
2837,0
1317,1
5528,1
14919,1
805,0
11112,0
16546,0
5668,0
14179,0
16237,0
10972,1
5815,0
5648,0
16649,0
6208,0
3468,0
4139,0
6820,1
12997,0
3762,1
7327,0
6330,0
10121,0
13321,1
11561,1
11520,0
5898,1
1730,1
12203,0
691,0
1373,0
14393,0
16997,0
1077,0
114,1
16952,1
11248,0
2086,1
16292,1
3670,0
784,0
7169,1
9685,0
9308,0
4495,1
12918,0
13872,0
10753,0
15238,1
15079,0
7925,0
3182,0
4812,1
14508,0
8228,1
12823,0
12230,1
15620,1
11188,1
10689,0
16132,1
12448,0
9923,0
6837,1
9555,1
7470,1
15299,0
7135,1
16594,0
12508,0
8017,1
9088,1
10586,0
14962,0
8327,1
8441,0
5719,0
8497,1
7464,0
1026,1
1948,0
7988,1
815,0
6048,1
7241,0
591,0
14975,0
10962,0
11447,1
2052,1
14422,0
13222,0
4690,0
8798,0
13100,0
16290,1
798,0
15751,0
3211,1
1115,0
3737,0
562,0
12756,1
1112,0
16257,0
9743,0
7848,0
4353,0
4473,0
4448,1
10581,1
6962,1
5410,0
13899,1
4907,0
9142,0
1370,0
15037,0
14801,0
15151,1
5922,0
9713,1
6430,0
788,0
9890,1
1636,1
2840,1
1269,0
8655,0
3686,1
157,0
407,0
2391,0
2731,0
13001,1
5961,1
8397,0
3951,0
16099,1
15396,0
16400,1
4573,1
13112,0
3569,0
6803,1
14563,1
13295,0
12317,0
16131,0
5616,1
4646,0
12119,1
8728,0
15983,1
16774,1
11933,0
1078,0
10484,0
1981,0
2591,0
16958,0
7667,0
4331,1
15691,0
16976,1
884,1
5075,0
12594,0
9016,1
3404,0
279,0
11684,1
2168,1
11426,0
2667,0
15391,1
179,0
1980,1
10965,0
7692,0
8566,0
11156,0
8050,0
16932,0
13645,0
2595,0
4569,0
3152,0
4419,1
9283,0
1463,0
870,1
14072,0
5454,1
10267,0
16037,0
8820,0
16639,0
6571,0
4404,0
2917,1
8387,1
1505,1
7224,0
1260,0
3,1
9611,0
5752,1
7303,0
8615,1
14207,0
14553,1
4278,0
15904,1
7676,0
11098,1
16671,0
15041,1
9525,0
9256,0
9379,0
12389,1
8885,1
5486,1
4114,0
3025,0
6271,0
1863,1
16740,0
9859,0
2818,0
5714,0
12557,0
8314,1
4308,0
942,0
14320,0
2401,1
12796,0
11826,0
9421,0
3935,0
1351,0
5147,0
1655,0
6868,0
12406,0
13842,0
4488,1
876,1
9417,0
5699,0
15273,0
13189,0
7177,1
1565,0
3442,0
5022,0
12957,0
5949,1
1445,0
15015,0
15833,1
1079,0
8812,0
12940,0
11243,1
9390,0
7068,0
16098,0
12798,1
6955,0
10567,0
5674,0
10470,1
486,1
2825,0
6275,1
5807,1
2290,0
8158,0
8539,0
2480,1
3135,1
1955,0
16875,0
5131,0
10558,1
11229,1
12287,1
7079,0
11194,1
3883,1
607,0
5601,1
1888,1
12678,1
16829,1
11438,0
6850,1
893,1
11540,0
11176,0
11858,0
10995,0
4680,1
6158,0
2481,0
7256,0
15231,0
8695,0
10476,0
12469,1
12833,1
15880,0
14842,1
8643,0
4031,1
9505,0
13896,1
4939,0
10027,1
242,0
15984,0
10690,0
10243,0
12871,0
9485,0
9613,0
15662,0
14876,1
9805,0
5995,1
14742,1
9604,1
8236,0
2037,0
7970,0
8775,0
13139,0
12162,1
6425,1
9710,0
14429,0
10638,0
12110,0
12081,0
16852,1
1582,0
11948,0
3502,1
9206,0
5102,1
15068,0
15875,0
15617,1
8577,0
12158,1
12488,1
1375,0
16351,0
6200,1
4144,0
2486,0
4096,1
3898,0
4153,0
16660,0
14851,0
11519,1
14357,0
13913,1
8013,0
778,0
4005,0
